Date,Symbols,Close,High,Low,Open,Volume
2023-01-03,AAPL,125.07,130.9,124.17,130.28,112117471
2023-01-03,MSFT,239.58,245.75,237.4,243.08,25740036
2023-01-03,MRNA,178.99,184.39,178.23,180.85,4027934
2023-01-03,BNTX,148.65,155.295,148.5,152.94,739013
2023-01-03,PFE,51.26,51.325,50.82,51.01,15603793
2023-01-04,MRNA,177.36,183.61,175.63,182.42,2840936
2023-01-04,PFE,50.13,50.63,49.522,50.29,21808425
2023-01-04,MSFT,229.1,232.87,225.96,232.275,50623394
2023-01-04,AAPL,126.36,128.6557,125.08,126.89,89113633
2023-01-04,BNTX,146.13,150.575,145.755,149.97,938885
2023-01-05,BNTX,145.67,146.4,143.6,145.1,856607
2023-01-05,AAPL,125.02,127.77,124.76,127.13,80962708
2023-01-05,MSFT,222.31,227.55,221.7602,227.2,39585623
2023-01-05,PFE,49.66,49.99,48.92,49.73,20057412
2023-01-05,MRNA,173.51,175.5135,171.6,174.8,3050587
2023-01-06,MRNA,180.35,181.7399,171.4,174.96,3575006
2023-01-06,BNTX,150.09,156.275,145.23,148.5,1068059
2023-01-06,MSFT,224.93,225.7601,219.35,223.0,43613574
2023-01-06,AAPL,129.62,130.29,124.89,126.01,87754715
2023-01-06,PFE,50.92,51.6,49.56,49.98,29635946
2023-01-07,PFE,48.39,50.26,48.31,50.05,30839126
2023-01-07,AAPL,130.15,133.41,129.89,130.465,70790813
2023-01-07,MRNA,183.95,188.36,177.27,181.8,4344021
2023-01-07,BNTX,148.76,153.2,148.5671,152.22,567980
2023-01-07,MSFT,227.12,231.2366,226.41,226.45,27369784
2023-01-08,PFE,48.39,50.26,48.31,50.05,30839126
2023-01-08,BNTX,148.76,153.2,148.5671,152.22,567980
2023-01-08,MSFT,227.12,231.2366,226.41,226.45,27369784
2023-01-08,MRNA,183.95,188.36,177.27,181.8,4344021
2023-01-08,AAPL,130.15,133.41,129.89,130.465,70790813
2023-01-09,PFE,48.39,50.26,48.31,50.05,30839126
2023-01-09,BNTX,148.76,153.2,148.5671,152.22,567980
2023-01-09,MRNA,183.95,188.36,177.27,181.8,4344021
2023-01-09,MSFT,227.12,231.2366,226.41,226.45,27369784
2023-01-09,AAPL,130.15,133.41,129.89,130.465,70790813
2023-01-10,MSFT,228.85,231.31,227.33,227.755,27033881
2023-01-10,PFE,47.62,48.47,47.38,48.35,29212004
2023-01-10,BNTX,153.67,154.24,149.31,150.03,678381
2023-01-10,AAPL,130.73,131.2636,128.12,130.26,63896155
2023-01-10,MRNA,189.65,189.81,181.5025,182.7,2457901
2023-01-11,PFE,47.45,47.74,46.86,47.7,23022229
2023-01-11,MSFT,235.77,235.95,231.11,231.29,28669331
2023-01-11,BNTX,149.61,153.99,146.775,153.62,750151
2023-01-11,AAPL,133.49,133.51,130.46,131.25,69458949
2023-01-11,MRNA,186.64,189.65,182.6682,188.57,3152749
2023-01-12,MRNA,188.06,189.29,179.15,186.54,3881563
2023-01-12,PFE,47.71,47.72,46.58,47.27,23345252
2023-01-12,AAPL,133.41,134.26,131.44,133.88,71379648
2023-01-12,MSFT,238.51,239.9,233.56,235.26,27269486
2023-01-12,BNTX,149.41,149.92,146.25,149.35,416363
2023-01-13,MSFT,239.23,239.37,234.92,237.002,21333265
2023-01-13,BNTX,145.05,150.635,142.09,149.5,1287144
2023-01-13,PFE,47.85,48.16,47.49,47.5,18737546
2023-01-13,MRNA,192.0,192.12,185.05,185.08,3230239
2023-01-13,AAPL,134.76,134.92,131.66,132.03,57809719
2023-01-14,MRNA,190.69,194.63,187.64,187.895,3722084
2023-01-14,BNTX,143.2,145.5,140.91,145.0,1160267
2023-01-14,AAPL,135.94,137.29,134.13,134.83,63646627
2023-01-14,PFE,46.08,46.74,45.71,46.54,29391409
2023-01-14,MSFT,240.35,240.91,237.09,237.97,29831257
2023-01-15,AAPL,135.94,137.29,134.13,134.83,63646627
2023-01-15,MRNA,190.69,194.63,187.64,187.895,3722084
2023-01-15,PFE,46.08,46.74,45.71,46.54,29391409
2023-01-15,MSFT,240.35,240.91,237.09,237.97,29831257
2023-01-15,BNTX,143.2,145.5,140.91,145.0,1160267
2023-01-16,AAPL,135.94,137.29,134.13,134.83,63646627
2023-01-16,PFE,46.08,46.74,45.71,46.54,29391409
2023-01-16,MRNA,190.69,194.63,187.64,187.895,3722084
2023-01-16,BNTX,143.2,145.5,140.91,145.0,1160267
2023-01-16,MSFT,240.35,240.91,237.09,237.97,29831257
2023-01-17,MSFT,240.35,240.91,237.09,237.97,29831257
2023-01-17,BNTX,143.2,145.5,140.91,145.0,1160267
2023-01-17,AAPL,135.94,137.29,134.13,134.83,63646627
2023-01-17,PFE,46.08,46.74,45.71,46.54,29391409
2023-01-17,MRNA,190.69,194.63,187.64,187.895,3722084
2023-01-18,MSFT,235.81,242.38,235.52,241.565,30028692
2023-01-18,BNTX,143.09,147.68,142.82,145.83,725004
2023-01-18,AAPL,135.21,138.61,135.03,136.815,69672800
2023-01-18,MRNA,197.02,207.51,195.02,200.322,11058942
2023-01-18,PFE,45.0,45.85,44.97,45.545,33834985
2023-01-19,MSFT,231.93,235.52,230.68,233.78,28623033
2023-01-19,BNTX,139.94,144.1082,139.66,143.0,1040429
2023-01-19,MRNA,190.38,197.31,190.32,196.21,4273936
2023-01-19,AAPL,135.27,136.25,133.77,134.08,58280413
2023-01-19,PFE,44.96,45.27,44.64,44.72,26614860
2023-01-20,PFE,45.11,45.43,44.725,45.28,25197558
2023-01-20,BNTX,142.79,143.41,139.05,141.0,1125456
2023-01-20,AAPL,137.87,138.02,134.22,135.28,80223626
2023-01-20,MRNA,193.98,194.585,188.52,190.6,4047181
2023-01-20,MSFT,240.22,240.74,234.51,234.855,35389809
2023-01-21,BNTX,143.73,144.93,141.7914,142.33,725093
2023-01-21,MRNA,196.94,198.86,192.21,192.61,2907292
2023-01-21,PFE,44.98,45.32,44.82,45.04,19398550
2023-01-21,MSFT,242.58,245.165,239.65,241.1,31933951
2023-01-21,AAPL,141.11,143.315,137.9,138.12,81760313
2023-01-22,MSFT,242.58,245.165,239.65,241.1,31933951
2023-01-22,BNTX,143.73,144.93,141.7914,142.33,725093
2023-01-22,PFE,44.98,45.32,44.82,45.04,19398550
2023-01-22,AAPL,141.11,143.315,137.9,138.12,81760313
2023-01-22,MRNA,196.94,198.86,192.21,192.61,2907292
2023-01-23,BNTX,143.73,144.93,141.7914,142.33,725093
2023-01-23,MRNA,196.94,198.86,192.21,192.61,2907292
2023-01-23,AAPL,141.11,143.315,137.9,138.12,81760313
2023-01-23,MSFT,242.58,245.165,239.65,241.1,31933951
2023-01-23,PFE,44.98,45.32,44.82,45.04,19398550
2023-01-24,MRNA,196.76,197.06,193.215,195.83,1851328
2023-01-24,PFE,44.71,44.95,44.15,44.915,18853127
2023-01-24,MSFT,242.04,243.95,240.44,242.5,40234444
2023-01-24,AAPL,142.53,143.16,140.3,140.305,66435142
2023-01-24,BNTX,143.85,144.37,140.7,143.28,504196
2023-01-25,BNTX,142.73,144.69,141.625,143.05,580686
2023-01-25,MRNA,193.07,194.96,189.75,194.33,2288175
2023-01-25,PFE,45.07,45.1099,44.585,45.03,20827990
2023-01-25,AAPL,141.86,142.43,138.81,140.89,65799349
2023-01-25,MSFT,240.61,243.3,230.9,234.48,66526641
2023-01-26,BNTX,142.54,143.89,140.33,143.0,531350
2023-01-26,MSFT,248.0,248.31,242.0,243.65,33454491
2023-01-26,MRNA,193.24,195.0,187.55,194.43,2392332
2023-01-26,PFE,44.25,44.3,43.61,44.2,38465463
2023-01-26,AAPL,143.96,144.25,141.9,143.17,54105068
2023-01-27,MRNA,189.35,193.52,188.28,191.91,3346513
2023-01-27,AAPL,145.93,147.23,143.08,143.155,70555843
2023-01-27,BNTX,143.66,143.94,140.9573,141.48,436756
2023-01-27,PFE,43.79,44.34,43.78,44.22,23798610
2023-01-27,MSFT,248.16,249.83,246.83,248.99,26498939
2023-01-28,AAPL,143.0,145.55,142.85,144.955,64015274
2023-01-28,MRNA,180.87,187.59,180.64,187.23,3198156
2023-01-28,BNTX,140.49,143.02,139.5,142.48,680776
2023-01-28,MSFT,242.71,245.6,242.2,244.51,25867365
2023-01-28,PFE,43.55,44.135,43.395,43.79,24402234
2023-01-29,BNTX,140.49,143.02,139.5,142.48,680776
2023-01-29,AAPL,143.0,145.55,142.85,144.955,64015274
2023-01-29,PFE,43.55,44.135,43.395,43.79,24402234
2023-01-29,MSFT,242.71,245.6,242.2,244.51,25867365
2023-01-29,MRNA,180.87,187.59,180.64,187.23,3198156
2023-01-30,BNTX,140.49,143.02,139.5,142.48,680776
2023-01-30,PFE,43.55,44.135,43.395,43.79,24402234
2023-01-30,MSFT,242.71,245.6,242.2,244.51,25867365
2023-01-30,MRNA,180.87,187.59,180.64,187.23,3198156
2023-01-30,AAPL,143.0,145.55,142.85,144.955,64015274
2023-01-31,PFE,44.16,44.275,42.7,43.0,49722474
2023-01-31,BNTX,143.41,144.73,138.05,138.05,1248681
2023-01-31,MSFT,247.81,247.95,242.945,243.45,26541072
2023-01-31,MRNA,176.06,180.21,173.78,176.5,6212664
2023-01-31,AAPL,144.29,144.34,142.28,142.7,65874459
2023-02-01,AAPL,145.43,146.61,141.32,143.97,77663633
2023-02-01,BNTX,143.05,144.475,139.28,142.02,746599
2023-02-01,PFE,43.97,44.18,43.41,43.905,24482321
2023-02-01,MRNA,174.3,176.3,167.28,174.7,5607529
2023-02-01,MSFT,252.75,255.18,245.47,248.0,31259912
2023-02-02,MSFT,264.6,264.69,257.25,258.82,39940437
2023-02-02,MRNA,176.35,176.73,170.51,173.4,4061548
2023-02-02,BNTX,144.4,144.97,141.83,142.64,606823
2023-02-02,AAPL,150.82,151.18,148.17,148.9,118338980
2023-02-02,PFE,44.34,44.46,43.5,43.63,35279247
2023-02-03,BNTX,142.06,145.22,141.86,142.91,379160
2023-02-03,PFE,44.06,44.39,43.88,44.355,23741990
2023-02-03,MSFT,258.35,264.2,257.1,259.542,29077256
2023-02-03,AAPL,154.5,157.38,147.83,148.03,154357337
2023-02-03,MRNA,173.25,178.74,172.4,172.74,2821351
2023-02-04,AAPL,151.73,153.1,150.78,152.575,69858306
2023-02-04,MSFT,256.77,258.3,254.78,257.44,22517997
2023-02-04,MRNA,170.27,174.41,169.67,171.98,2858045
2023-02-04,BNTX,140.96,142.56,139.26,140.0,333835
2023-02-04,PFE,43.76,44.3,43.725,44.19,18071239
2023-02-05,PFE,43.76,44.3,43.725,44.19,18071239
2023-02-05,MRNA,170.27,174.41,169.67,171.98,2858045
2023-02-05,AAPL,151.73,153.1,150.78,152.575,69858306
2023-02-05,BNTX,140.96,142.56,139.26,140.0,333835
2023-02-05,MSFT,256.77,258.3,254.78,257.44,22517997
2023-02-06,MRNA,170.27,174.41,169.67,171.98,2858045
2023-02-06,BNTX,140.96,142.56,139.26,140.0,333835
2023-02-06,PFE,43.76,44.3,43.725,44.19,18071239
2023-02-06,MSFT,256.77,258.3,254.78,257.44,22517997
2023-02-06,AAPL,151.73,153.1,150.78,152.575,69858306
2023-02-07,BNTX,142.115,142.14,138.87,140.0,375807
2023-02-07,MRNA,171.06,171.87,167.03,170.26,2574091
2023-02-07,MSFT,267.56,268.775,260.08,260.53,50841365
2023-02-07,AAPL,154.65,155.23,150.64,150.64,83322551
2023-02-07,PFE,43.59,43.9,43.2506,43.82,22999453
2023-02-08,MSFT,266.73,276.76,266.21,273.2,54686049
2023-02-08,AAPL,151.92,154.58,151.168,153.88,64120079
2023-02-08,MRNA,164.34,170.39,164.15,169.33,2960515
2023-02-08,BNTX,141.15,142.35,140.2,140.2,629879
2023-02-08,PFE,43.98,44.1,43.53,43.55,19362311
2023-02-09,AAPL,150.87,154.33,150.42,153.775,56007143
2023-02-09,MRNA,164.48,170.1,163.19,167.03,2853832
2023-02-09,BNTX,140.54,144.19,140.46,141.15,633945
2023-02-09,PFE,43.34,44.325,43.24,44.12,20809245
2023-02-09,MSFT,263.62,273.98,262.8,273.8,42375102
2023-02-10,MSFT,263.1,264.09,260.662,261.53,25818489
2023-02-10,PFE,43.88,43.98,43.26,43.5,18619569
2023-02-10,MRNA,169.28,169.51,162.65,164.0,2945196
2023-02-10,BNTX,141.51,142.32,140.0,140.5,485707
2023-02-10,AAPL,151.01,151.3401,149.22,149.46,57450708
2023-02-11,BNTX,143.0,143.7,141.2,141.49,466790
2023-02-11,PFE,43.99,44.01,43.51,43.68,17878022
2023-02-11,MRNA,171.48,171.77,166.01,168.73,2702267
2023-02-11,AAPL,153.85,154.26,150.92,150.952,62199013
2023-02-11,MSFT,271.32,274.6,267.15,267.64,44630921
2023-02-12,AAPL,153.85,154.26,150.92,150.952,62199013
2023-02-12,MSFT,271.32,274.6,267.15,267.64,44630921
2023-02-12,PFE,43.99,44.01,43.51,43.68,17878022
2023-02-12,MRNA,171.48,171.77,166.01,168.73,2702267
2023-02-12,BNTX,143.0,143.7,141.2,141.49,466790
2023-02-13,PFE,43.99,44.01,43.51,43.68,17878022
2023-02-13,MRNA,171.48,171.77,166.01,168.73,2702267
2023-02-13,BNTX,143.0,143.7,141.2,141.49,466790
2023-02-13,AAPL,153.85,154.26,150.92,150.952,62199013
2023-02-13,MSFT,271.32,274.6,267.15,267.64,44630921
2023-02-14,AAPL,153.2,153.77,150.86,152.12,61707573
2023-02-14,PFE,43.72,44.2,43.58,44.09,17506900
2023-02-14,MRNA,175.62,176.04,169.29,170.89,2906417
2023-02-14,BNTX,143.92,144.4,142.4,143.16,462812
2023-02-14,MSFT,272.17,274.97,269.28,272.67,37047924
2023-02-15,MSFT,269.32,270.73,266.18,268.32,28962163
2023-02-15,BNTX,147.62,147.66,142.12,142.5,633967
2023-02-15,MRNA,177.28,177.37,172.45,173.17,1963347
2023-02-15,AAPL,155.33,155.5,152.88,153.11,65669252
2023-02-15,PFE,43.32,43.61,43.11,43.42,18999277
2023-02-16,MRNA,172.31,176.2,171.59,173.07,2466634
2023-02-16,MSFT,262.15,266.74,261.9,264.02,29603616
2023-02-16,AAPL,153.71,156.33,153.3475,153.51,68167942
2023-02-16,BNTX,141.39,146.675,141.35,145.92,676459
2023-02-16,PFE,42.95,43.18,42.77,43.15,17832042
2023-02-17,AAPL,152.55,153.0,150.85,152.35,59144118
2023-02-17,MRNA,166.6,166.72,160.66,163.0,5056964
2023-02-17,BNTX,138.62,140.28,137.33,140.05,814924
2023-02-17,PFE,43.21,43.37,42.58,42.89,18293446
2023-02-17,MSFT,258.06,260.09,256.0,259.39,30000055
2023-02-18,BNTX,137.53,141.925,137.42,138.96,618319
2023-02-18,PFE,42.7,42.93,42.62,42.81,17356574
2023-02-18,AAPL,148.48,151.3,148.405,150.2,58867230
2023-02-18,MRNA,160.09,166.86,159.49,165.25,3295748
2023-02-18,MSFT,252.67,255.49,251.59,254.48,28397444
2023-02-19,MSFT,252.67,255.49,251.59,254.48,28397444
2023-02-19,MRNA,160.09,166.86,159.49,165.25,3295748
2023-02-19,AAPL,148.48,151.3,148.405,150.2,58867230
2023-02-19,PFE,42.7,42.93,42.62,42.81,17356574
2023-02-19,BNTX,137.53,141.925,137.42,138.96,618319
2023-02-20,MSFT,252.67,255.49,251.59,254.48,28397444
2023-02-20,AAPL,148.48,151.3,148.405,150.2,58867230
2023-02-20,MRNA,160.09,166.86,159.49,165.25,3295748
2023-02-20,PFE,42.7,42.93,42.62,42.81,17356574
2023-02-20,BNTX,137.53,141.925,137.42,138.96,618319
2023-02-21,MRNA,160.09,166.86,159.49,165.25,3295748
2023-02-21,PFE,42.7,42.93,42.62,42.81,17356574
2023-02-21,BNTX,137.53,141.925,137.42,138.96,618319
2023-02-21,AAPL,148.48,151.3,148.405,150.2,58867230
2023-02-21,MSFT,252.67,255.49,251.59,254.48,28397444
2023-02-22,BNTX,134.63,138.51,134.18,137.72,865854
2023-02-22,MSFT,251.51,254.34,250.34,254.09,22491056
2023-02-22,AAPL,148.91,149.95,147.16,148.87,51011305
2023-02-22,MRNA,158.17,161.49,157.0,160.35,3082490
2023-02-22,PFE,42.38,42.885,42.31,42.72,17394203
2023-02-23,MSFT,254.77,256.84,250.48,255.56,29219095
2023-02-23,BNTX,134.39,135.6,130.88,134.02,1027105
2023-02-23,MRNA,147.57,157.5,143.7192,153.73,9378868
2023-02-23,AAPL,149.4,150.34,147.24,150.09,48394249
2023-02-23,PFE,42.3,42.75,42.22,42.29,21104327
2023-02-24,AAPL,146.71,147.19,145.7202,147.11,55469606
2023-02-24,PFE,41.75,42.05,41.505,42.03,16806099
2023-02-24,BNTX,133.31,133.895,129.02,132.39,673778
2023-02-24,MRNA,139.26,144.27,138.21,140.53,5998695
2023-02-24,MSFT,249.22,251.0,248.1,249.96,24990905
2023-02-25,PFE,40.78,41.73,40.73,41.44,26370306
2023-02-25,MRNA,138.27,140.91,136.72,139.52,4965970
2023-02-25,AAPL,147.92,149.17,147.45,147.71,44998470
2023-02-25,MSFT,250.16,252.82,249.39,252.46,21190042
2023-02-25,BNTX,130.86,134.13,130.0,134.0,663637
2023-02-26,MRNA,138.27,140.91,136.72,139.52,4965970
2023-02-26,MSFT,250.16,252.82,249.39,252.46,21190042
2023-02-26,AAPL,147.92,149.17,147.45,147.71,44998470
2023-02-26,BNTX,130.86,134.13,130.0,134.0,663637
2023-02-26,PFE,40.78,41.73,40.73,41.44,26370306
2023-02-27,AAPL,147.92,149.17,147.45,147.71,44998470
2023-02-27,MSFT,250.16,252.82,249.39,252.46,21190042
2023-02-27,BNTX,130.86,134.13,130.0,134.0,663637
2023-02-27,PFE,40.78,41.73,40.73,41.44,26370306
2023-02-27,MRNA,138.27,140.91,136.72,139.52,4965970
2023-02-28,BNTX,130.05,130.835,129.05,130.15,557311
2023-02-28,AAPL,147.41,149.08,146.83,147.05,50546998
2023-02-28,MRNA,138.81,140.96,137.3702,138.27,3994993
2023-02-28,MSFT,249.42,251.49,248.73,249.07,22490950
2023-02-28,PFE,40.57,40.7099,40.09,40.5,31086883
2023-03-01,AAPL,145.31,147.2285,145.01,146.83,55478991
2023-03-01,PFE,40.18,40.76,40.135,40.56,21104422
2023-03-01,BNTX,127.48,130.55,126.52,128.29,804012
2023-03-01,MSFT,246.27,250.93,245.79,250.76,27565259
2023-03-01,MRNA,135.66,140.28,133.66,138.39,4588069
2023-03-02,MSFT,251.11,251.4,245.61,246.55,24833646
2023-03-02,BNTX,127.98,128.39,125.44,126.52,536367
2023-03-02,MRNA,137.86,139.03,135.34,135.36,3306708
2023-03-02,PFE,40.62,40.78,39.805,40.06,19112801
2023-03-02,AAPL,145.91,146.71,143.9,144.38,52279761
2023-03-03,MSFT,255.29,255.62,251.39,252.19,30760136
2023-03-03,MRNA,143.2,144.855,138.15,138.68,3964829
2023-03-03,AAPL,151.03,151.11,147.33,148.045,70732297
2023-03-03,PFE,41.15,41.18,40.74,40.91,20922034
2023-03-03,BNTX,130.77,131.8,128.445,128.45,507612
2023-03-04,AAPL,153.83,156.3,153.46,153.785,87558028
2023-03-04,MRNA,144.03,145.06,142.63,143.3,2871108
2023-03-04,PFE,41.11,41.26,40.82,41.09,19434763
2023-03-04,MSFT,256.87,260.12,255.98,256.425,24109849
2023-03-04,BNTX,131.54,132.31,130.26,131.0,281678
2023-03-05,MRNA,144.03,145.06,142.63,143.3,2871108
2023-03-05,PFE,41.11,41.26,40.82,41.09,19434763
2023-03-05,MSFT,256.87,260.12,255.98,256.425,24109849
2023-03-05,AAPL,153.83,156.3,153.46,153.785,87558028
2023-03-05,BNTX,131.54,132.31,130.26,131.0,281678
2023-03-06,MRNA,144.03,145.06,142.63,143.3,2871108
2023-03-06,AAPL,153.83,156.3,153.46,153.785,87558028
2023-03-06,PFE,41.11,41.26,40.82,41.09,19434763
2023-03-06,MSFT,256.87,260.12,255.98,256.425,24109849
2023-03-06,BNTX,131.54,132.31,130.26,131.0,281678
2023-03-07,MSFT,254.15,257.69,253.39,256.3,21473179
2023-03-07,AAPL,151.6,154.0299,151.13,153.7,56182028
2023-03-07,PFE,40.34,41.13,40.1,41.06,23205788
2023-03-07,MRNA,141.05,145.74,139.68,143.78,2777656
2023-03-07,BNTX,129.02,131.84,129.02,131.02,404472
2023-03-08,AAPL,152.87,153.47,151.83,152.81,47204791
2023-03-08,BNTX,128.88,129.2,127.91,128.62,370231
2023-03-08,MRNA,142.08,142.53,140.32,140.32,2193844
2023-03-08,PFE,40.12,40.5668,39.905,40.32,16756134
2023-03-08,MSFT,253.7,254.5417,250.81,254.04,17340217
2023-03-09,MSFT,252.32,259.56,251.58,255.82,26653387
2023-03-09,BNTX,127.29,130.22,127.17,128.99,693400
2023-03-09,AAPL,150.59,154.535,150.225,153.559,53833582
2023-03-09,MRNA,137.36,144.03,136.5159,142.04,3092631
2023-03-09,PFE,39.46,40.57,39.31,40.41,18585103
2023-03-10,BNTX,127.45,129.51,126.25,127.01,694396
2023-03-10,MSFT,248.59,252.79,247.6,251.08,28333930
2023-03-10,AAPL,148.5,150.94,147.6096,150.21,68572400
2023-03-10,MRNA,138.29,141.55,135.5919,137.06,3886257
2023-03-10,PFE,39.39,39.93,39.23,39.29,26328104
2023-03-11,BNTX,129.77,131.235,124.59,124.59,514129
2023-03-11,MRNA,147.9,148.94,138.06,138.49,5681250
2023-03-11,PFE,39.86,40.505,39.255,39.255,35299377
2023-03-11,AAPL,150.47,153.14,147.7,147.805,84457122
2023-03-11,MSFT,253.92,257.91,245.73,247.4,33339721
2023-03-12,PFE,39.86,40.505,39.255,39.255,35299377
2023-03-12,MRNA,147.9,148.94,138.06,138.49,5681250
2023-03-12,BNTX,129.77,131.235,124.59,124.59,514129
2023-03-12,AAPL,150.47,153.14,147.7,147.805,84457122
2023-03-12,MSFT,253.92,257.91,245.73,247.4,33339721
2023-03-13,MRNA,147.9,148.94,138.06,138.49,5681250
2023-03-13,BNTX,129.77,131.235,124.59,124.59,514129
2023-03-13,AAPL,150.47,153.14,147.7,147.805,84457122
2023-03-13,PFE,39.86,40.505,39.255,39.255,35299377
2023-03-13,MSFT,253.92,257.91,245.73,247.4,33339721
2023-03-14,MRNA,151.28,154.88,148.05,148.98,3952630
2023-03-14,MSFT,260.79,261.07,255.86,256.75,33620293
2023-03-14,BNTX,130.38,132.48,129.56,130.7,496847
2023-03-14,PFE,39.9,40.15,39.52,40.05,24583595
2023-03-14,AAPL,152.59,153.4,150.1,151.28,73695893
2023-03-15,MSFT,265.44,266.48,259.21,259.98,46028047
2023-03-15,BNTX,129.94,130.56,128.28,128.28,578181
2023-03-15,MRNA,149.6,151.19,147.61,148.88,2740001
2023-03-15,PFE,40.28,40.53,39.46,39.76,25498384
2023-03-15,AAPL,152.99,153.245,149.92,151.19,77167866
2023-03-16,PFE,40.37,40.49,39.72,40.06,21100883
2023-03-16,BNTX,131.96,132.475,129.18,130.4,506569
2023-03-16,AAPL,155.85,156.46,151.64,152.16,76254419
2023-03-16,MSFT,276.2,276.56,263.28,265.205,54832140
2023-03-16,MRNA,151.78,152.8519,147.9701,149.67,2662790
2023-03-17,MRNA,150.02,154.4799,149.1,151.92,5997422
2023-03-17,MSFT,279.43,283.33,276.3201,278.26,69527371
2023-03-17,PFE,40.1,40.79,39.985,40.625,57457785
2023-03-17,AAPL,155.0,156.74,154.28,156.08,98944633
2023-03-17,BNTX,129.64,132.29,129.52,130.82,794287
2023-03-18,MSFT,272.23,277.48,269.85,276.98,43466649
2023-03-18,AAPL,157.4,157.82,154.15,155.07,73641415
2023-03-18,BNTX,132.08,132.32,128.5,128.81,470027
2023-03-18,MRNA,154.52,156.57,148.66,150.01,3263821
2023-03-18,PFE,40.81,40.86,39.94,40.14,20825382
2023-03-19,BNTX,132.08,132.32,128.5,128.81,470027
2023-03-19,AAPL,157.4,157.82,154.15,155.07,73641415
2023-03-19,PFE,40.81,40.86,39.94,40.14,20825382
2023-03-19,MRNA,154.52,156.57,148.66,150.01,3263821
2023-03-19,MSFT,272.23,277.48,269.85,276.98,43466649
2023-03-20,MSFT,272.23,277.48,269.85,276.98,43466649
2023-03-20,AAPL,157.4,157.82,154.15,155.07,73641415
2023-03-20,BNTX,132.08,132.32,128.5,128.81,470027
2023-03-20,MRNA,154.52,156.57,148.66,150.01,3263821
2023-03-20,PFE,40.81,40.86,39.94,40.14,20825382
2023-03-21,MSFT,273.78,275.0,269.5191,274.88,34558704
2023-03-21,AAPL,159.28,159.4,156.54,157.32,73938285
2023-03-21,BNTX,133.33,134.77,132.0,132.24,534572
2023-03-21,MRNA,152.1,155.7,151.82,154.54,3010634
2023-03-21,PFE,40.66,40.91,40.31,40.86,19981978
2023-03-22,MRNA,148.18,153.68,148.07,153.31,2820631
2023-03-22,BNTX,133.68,136.915,133.25,134.11,439519
2023-03-22,MSFT,272.29,281.04,272.18,273.4,34873330
2023-03-22,PFE,40.01,40.85,39.99,40.7,15444160
2023-03-22,AAPL,157.83,162.14,157.81,159.3,75701811
2023-03-23,PFE,40.18,40.4972,40.0,40.17,16958146
2023-03-23,MSFT,277.66,281.06,275.2,277.94,36610879
2023-03-23,MRNA,149.42,153.76,146.9,149.92,2708685
2023-03-23,BNTX,129.39,135.9,128.0,134.895,837640
2023-03-23,AAPL,158.93,161.5501,157.68,158.83,67622060
2023-03-24,PFE,40.39,40.455,39.8748,40.09,17221115
2023-03-24,MSFT,280.57,280.63,275.28,277.24,28199962
2023-03-24,MRNA,150.88,152.57,148.97,149.74,1988889
2023-03-24,BNTX,128.2,129.39,127.23,128.5,619556
2023-03-24,AAPL,160.25,160.34,157.85,158.86,59256343
2023-03-25,PFE,40.22,40.62,39.97,40.54,20262829
2023-03-25,MRNA,148.35,150.38,145.36,149.8,2641363
2023-03-25,BNTX,123.6,128.09,119.98,123.2,1794824
2023-03-25,MSFT,276.38,281.4589,275.52,280.5,26840212
2023-03-25,AAPL,158.28,160.77,157.87,159.94,52390266
2023-03-26,AAPL,158.28,160.77,157.87,159.94,52390266
2023-03-26,MSFT,276.38,281.4589,275.52,280.5,26840212
2023-03-26,MRNA,148.35,150.38,145.36,149.8,2641363
2023-03-26,PFE,40.22,40.62,39.97,40.54,20262829
2023-03-26,BNTX,123.6,128.09,119.98,123.2,1794824
2023-03-27,MRNA,148.35,150.38,145.36,149.8,2641363
2023-03-27,BNTX,123.6,128.09,119.98,123.2,1794824
2023-03-27,MSFT,276.38,281.4589,275.52,280.5,26840212
2023-03-27,PFE,40.22,40.62,39.97,40.54,20262829
2023-03-27,AAPL,158.28,160.77,157.87,159.94,52390266
2023-03-28,MSFT,275.23,276.14,272.0451,275.79,21878647
2023-03-28,AAPL,157.65,158.49,155.98,157.97,45992152
2023-03-28,BNTX,123.0,125.3699,122.19,124.05,783323
2023-03-28,PFE,39.99,40.3,39.86,40.2,13537518
2023-03-28,MRNA,146.92,149.66,146.18,147.98,1992767
2023-03-29,MRNA,148.8,150.0898,147.555,149.0,1902421
2023-03-29,BNTX,122.97,125.16,122.59,124.35,627048
2023-03-29,AAPL,160.77,161.05,159.35,159.37,51305691
2023-03-29,MSFT,280.51,281.1398,278.41,278.96,25087032
2023-03-29,PFE,40.25,40.27,39.99,40.16,14429511
2023-03-30,PFE,40.38,40.49,40.25,40.42,12634521
2023-03-30,MSFT,284.05,284.46,281.48,284.23,25053410
2023-03-30,BNTX,122.57,123.785,121.26,122.85,775554
2023-03-30,MRNA,147.44,151.25,146.595,150.2,2209553
2023-03-30,AAPL,162.36,162.47,161.271,161.53,49501689
2023-03-31,PFE,40.8,40.83,40.28,40.55,23393576
2023-03-31,MSFT,288.3,289.27,283.0,283.73,32765976
2023-03-31,MRNA,153.58,154.98,147.89,148.52,3784556
2023-03-31,BNTX,124.57,125.05,121.72,121.95,805550
2023-03-31,AAPL,164.9,165.0,161.91,162.44,68749792
2023-04-01,MSFT,287.23,288.27,283.95,286.52,24883342
2023-04-01,BNTX,129.53,129.71,124.15,124.15,665479
2023-04-01,AAPL,166.17,166.29,164.22,164.27,56976187
2023-04-01,MRNA,159.48,159.99,153.5,153.5,3972412
2023-04-01,PFE,41.35,41.4668,40.65,40.69,20817194
2023-04-02,PFE,41.35,41.4668,40.65,40.69,20817194
2023-04-02,MSFT,287.23,288.27,283.95,286.52,24883342
2023-04-02,MRNA,159.48,159.99,153.5,153.5,3972412
2023-04-02,BNTX,129.53,129.71,124.15,124.15,665479
2023-04-02,AAPL,166.17,166.29,164.22,164.27,56976187
2023-04-03,PFE,41.35,41.4668,40.65,40.69,20817194
2023-04-03,MSFT,287.23,288.27,283.95,286.52,24883342
2023-04-03,MRNA,159.48,159.99,153.5,153.5,3972412
2023-04-03,BNTX,129.53,129.71,124.15,124.15,665479
2023-04-03,AAPL,166.17,166.29,164.22,164.27,56976187
2023-04-04,MRNA,156.52,159.68,156.03,159.21,2308680
2023-04-04,AAPL,165.63,166.84,165.11,166.595,46278295
2023-04-04,MSFT,287.18,290.4499,285.67,287.23,25824299
2023-04-04,PFE,40.9,41.53,40.76,41.44,19514531
2023-04-04,BNTX,125.87,130.75,125.1,129.6,628336
2023-04-05,MRNA,154.61,156.87,152.249,155.79,2278786
2023-04-05,PFE,41.55,42.22,41.17,41.285,29697621
2023-04-05,AAPL,163.76,165.05,161.8,164.74,51511744
2023-04-05,MSFT,284.34,287.15,282.92,285.85,22064770
2023-04-05,BNTX,125.6,127.09,125.14,126.0,333188
2023-04-06,AAPL,164.66,164.9584,162.0,162.43,45390123
2023-04-06,PFE,41.5,42.095,41.3743,41.93,25931833
2023-04-06,BNTX,128.9,128.9243,125.21,125.56,377322
2023-04-06,MSFT,291.6,292.08,282.03,283.21,29770334
2023-04-06,MRNA,158.27,159.07,153.49,155.0,2618730
2023-04-07,AAPL,162.03,162.03,160.08,161.42,47716882
2023-04-07,PFE,41.73,41.74,41.12,41.15,15137290
2023-04-07,MRNA,160.15,161.19,154.445,160.0,2726115
2023-04-07,BNTX,127.71,128.51,125.96,128.11,323285
2023-04-07,MSFT,289.39,289.6,284.71,289.208,23102994
2023-04-08,MSFT,289.39,289.6,284.71,289.208,23102994
2023-04-08,AAPL,162.03,162.03,160.08,161.42,47716882
2023-04-08,BNTX,127.71,128.51,125.96,128.11,323285
2023-04-08,MRNA,160.15,161.19,154.445,160.0,2726115
2023-04-08,PFE,41.73,41.74,41.12,41.15,15137290
2023-04-09,MRNA,160.15,161.19,154.445,160.0,2726115
2023-04-09,PFE,41.73,41.74,41.12,41.15,15137290
2023-04-09,AAPL,162.03,162.03,160.08,161.42,47716882
2023-04-09,BNTX,127.71,128.51,125.96,128.11,323285
2023-04-09,MSFT,289.39,289.6,284.71,289.208,23102994
2023-04-10,BNTX,127.71,128.51,125.96,128.11,323285
2023-04-10,MSFT,289.39,289.6,284.71,289.208,23102994
2023-04-10,PFE,41.73,41.74,41.12,41.15,15137290
2023-04-10,AAPL,162.03,162.03,160.08,161.42,47716882
2023-04-10,MRNA,160.15,161.19,154.445,160.0,2726115
2023-04-11,BNTX,126.34,127.71,125.5408,126.25,344073
2023-04-11,AAPL,160.8,162.36,160.51,162.35,47644217
2023-04-11,MSFT,282.83,285.98,281.64,285.75,27276589
2023-04-11,PFE,41.79,41.99,41.7,41.8,15304123
2023-04-11,MRNA,155.25,156.78,149.32,152.43,6591143
2023-04-12,MRNA,155.56,159.05,154.62,156.35,2964903
2023-04-12,AAPL,160.1,162.06,159.78,161.22,50133062
2023-04-12,MSFT,283.49,287.01,281.96,284.79,27403432
2023-04-12,BNTX,125.81,128.49,125.76,126.62,358885
2023-04-12,PFE,41.37,41.79,41.27,41.63,17035066
2023-04-13,BNTX,129.65,129.78,125.59,126.14,436548
2023-04-13,MRNA,160.53,162.1,155.32,156.61,2911478
2023-04-13,MSFT,289.84,289.9,283.17,283.59,24222678
2023-04-13,PFE,41.47,41.7,41.295,41.53,22880859
2023-04-13,AAPL,165.56,165.8,161.42,161.63,68445649
2023-04-14,BNTX,129.66,131.52,128.14,129.1,313535
2023-04-14,MRNA,157.1,163.24,155.35,159.95,2661690
2023-04-14,MSFT,286.14,288.48,283.69,287.0,20987917
2023-04-14,PFE,41.19,41.71,40.93,41.505,20627484
2023-04-14,AAPL,165.21,166.32,163.82,164.59,49386480
2023-04-15,AAPL,165.23,165.39,164.03,165.09,41516217
2023-04-15,BNTX,124.75,129.095,124.02,129.0,688022
2023-04-15,MSFT,288.8,291.6,286.16,289.93,23836223
2023-04-15,MRNA,143.97,156.75,143.2063,156.6,11560376
2023-04-15,PFE,41.18,41.28,40.96,41.12,17608635
2023-04-16,BNTX,124.75,129.095,124.02,129.0,688022
2023-04-16,AAPL,165.23,165.39,164.03,165.09,41516217
2023-04-16,MRNA,143.97,156.75,143.2063,156.6,11560376
2023-04-16,PFE,41.18,41.28,40.96,41.12,17608635
2023-04-16,MSFT,288.8,291.6,286.16,289.93,23836223
2023-04-17,MRNA,143.97,156.75,143.2063,156.6,11560376
2023-04-17,MSFT,288.8,291.6,286.16,289.93,23836223
2023-04-17,BNTX,124.75,129.095,124.02,129.0,688022
2023-04-17,AAPL,165.23,165.39,164.03,165.09,41516217
2023-04-17,PFE,41.18,41.28,40.96,41.12,17608635
2023-04-18,MSFT,288.37,291.755,287.01,291.57,20161845
2023-04-18,MRNA,142.63,144.93,141.01,144.0,4405500
2023-04-18,AAPL,166.47,167.41,165.65,166.1,49923008
2023-04-18,BNTX,123.19,125.0,122.44,125.0,513768
2023-04-18,PFE,40.55,41.33,40.53,41.28,18541480
2023-04-19,MSFT,288.45,289.05,284.54,285.99,17150271
2023-04-19,BNTX,121.79,123.0799,120.47,122.4,637613
2023-04-19,MRNA,142.82,144.06,141.25,141.57,2820196
2023-04-19,AAPL,167.63,168.16,165.54,165.8,47720166
2023-04-19,PFE,40.24,40.56,40.2,40.43,17214344
2023-04-20,MSFT,286.11,289.03,285.08,285.25,23244363
2023-04-20,PFE,39.85,40.19,39.79,40.08,20131599
2023-04-20,BNTX,120.94,122.5831,120.39,120.76,350831
2023-04-20,AAPL,166.65,167.87,165.56,166.09,52456377
2023-04-20,MRNA,141.14,144.43,140.44,141.4,3143993
2023-04-21,BNTX,118.28,120.39,117.831,120.39,855648
2023-04-21,MSFT,285.76,286.27,283.0608,285.01,21676387
2023-04-21,MRNA,140.85,142.82,138.55,141.01,3128171
2023-04-21,PFE,40.21,40.3,39.905,40.09,19227109
2023-04-21,AAPL,165.02,166.4521,164.49,165.05,58337341
2023-04-22,MRNA,138.14,141.2,136.05,140.87,3507713
2023-04-22,PFE,39.91,40.2,39.71,40.19,17633652
2023-04-22,MSFT,281.77,284.95,278.72,282.09,26611014
2023-04-22,AAPL,165.33,165.6,163.89,165.0,41949581
2023-04-22,BNTX,116.93,117.4,111.53,113.84,1192150
2023-04-23,PFE,39.91,40.2,39.71,40.19,17633652
2023-04-23,AAPL,165.33,165.6,163.89,165.0,41949581
2023-04-23,BNTX,116.93,117.4,111.53,113.84,1192150
2023-04-23,MSFT,281.77,284.95,278.72,282.09,26611014
2023-04-23,MRNA,138.14,141.2,136.05,140.87,3507713
2023-04-24,MRNA,138.14,141.2,136.05,140.87,3507713
2023-04-24,AAPL,165.33,165.6,163.89,165.0,41949581
2023-04-24,MSFT,281.77,284.95,278.72,282.09,26611014
2023-04-24,PFE,39.91,40.2,39.71,40.19,17633652
2023-04-24,BNTX,116.93,117.4,111.53,113.84,1192150
2023-04-25,MSFT,275.42,281.6,275.37,279.51,45772236
2023-04-25,PFE,39.33,39.92,39.285,39.75,24492373
2023-04-25,MRNA,134.9,139.62,134.7,138.13,3276415
2023-04-25,BNTX,114.25,116.5,114.0,116.0,509569
2023-04-25,AAPL,163.77,166.305,163.73,165.19,48714063
2023-04-26,MSFT,295.37,299.57,292.73,296.7,64599182
2023-04-26,MRNA,130.72,135.97,129.88,134.81,3575075
2023-04-26,PFE,38.63,39.19,38.4,39.16,22401426
2023-04-26,BNTX,110.6,114.2,109.98,113.86,684110
2023-04-26,AAPL,163.76,165.28,162.8,163.055,45498796
2023-04-27,PFE,38.74,38.83,38.31,38.62,22434048
2023-04-27,AAPL,168.41,168.56,165.19,165.19,64902329
2023-04-27,MRNA,130.07,132.27,129.65,130.89,3097586
2023-04-27,BNTX,111.72,111.88,109.43,110.08,553180
2023-04-27,MSFT,304.83,305.2,295.25,295.97,46462638
2023-04-28,MSFT,307.26,308.93,303.31,304.01,36469613
2023-04-28,PFE,38.89,38.91,38.615,38.7,21015333
2023-04-28,BNTX,114.24,114.9,109.81,110.69,729990
2023-04-28,MRNA,132.89,133.26,129.02,130.04,2996691
2023-04-28,AAPL,169.68,169.85,167.8801,168.49,55275851
2023-04-29,BNTX,111.99,113.33,111.46,112.5,436218
2023-04-29,MSFT,305.56,308.6,305.15,306.97,21294115
2023-04-29,AAPL,169.59,170.45,168.64,169.28,52472936
2023-04-29,MRNA,133.4,134.53,130.71,132.0,2748513
2023-04-29,PFE,39.21,39.52,38.86,39.0,23917757
2023-04-30,MSFT,305.56,308.6,305.15,306.97,21294115
2023-04-30,BNTX,111.99,113.33,111.46,112.5,436218
2023-04-30,MRNA,133.4,134.53,130.71,132.0,2748513
2023-04-30,AAPL,169.59,170.45,168.64,169.28,52472936
2023-04-30,PFE,39.21,39.52,38.86,39.0,23917757
2023-05-01,AAPL,169.59,170.45,168.64,169.28,52472936
2023-05-01,BNTX,111.99,113.33,111.46,112.5,436218
2023-05-01,PFE,39.21,39.52,38.86,39.0,23917757
2023-05-01,MSFT,305.56,308.6,305.15,306.97,21294115
2023-05-01,MRNA,133.4,134.53,130.71,132.0,2748513
2023-05-02,PFE,39.06,40.115,38.63,39.29,38834136
2023-05-02,AAPL,168.54,170.35,167.54,170.09,48425696
2023-05-02,MRNA,131.4,135.56,130.54,133.51,3247617
2023-05-02,MSFT,305.41,309.18,303.91,307.76,26404431
2023-05-02,BNTX,111.06,113.305,110.32,111.05,417988
2023-05-03,MSFT,304.4,308.61,304.09,306.62,22360754
2023-05-03,AAPL,167.45,170.92,167.16,169.5,65136018
2023-05-03,PFE,38.45,39.39,38.36,39.2,27721928
2023-05-03,BNTX,110.12,111.19,108.96,109.98,512786
2023-05-03,MRNA,130.14,132.88,129.85,130.52,3322146
2023-05-04,PFE,38.23,38.43,38.02,38.17,23675132
2023-05-04,AAPL,165.79,167.04,164.31,164.89,81235427
2023-05-04,BNTX,107.64,110.945,107.54,110.01,791793
2023-05-04,MSFT,305.41,307.7626,303.4,306.24,22519907
2023-05-04,MRNA,134.33,138.22,129.75,133.93,5504814
2023-05-05,AAPL,173.57,174.3,170.76,170.975,113453171
2023-05-05,BNTX,108.43,109.5799,106.64,107.445,1218291
2023-05-05,PFE,38.49,38.5,38.09,38.38,19225050
2023-05-05,MSFT,310.65,311.97,304.27,305.72,28197052
2023-05-05,MRNA,137.04,138.18,132.14,134.65,3378112
2023-05-06,MSFT,308.65,310.2,306.09,310.13,21318613
2023-05-06,BNTX,108.05,113.02,107.64,113.02,1224024
2023-05-06,AAPL,173.5,173.85,172.11,172.48,55962793
2023-05-06,MRNA,131.75,137.13,131.2,136.24,3990660
2023-05-06,PFE,38.67,38.73,38.35,38.53,20101723
2023-05-07,PFE,38.67,38.73,38.35,38.53,20101723
2023-05-07,MRNA,131.75,137.13,131.2,136.24,3990660
2023-05-07,MSFT,308.65,310.2,306.09,310.13,21318613
2023-05-07,BNTX,108.05,113.02,107.64,113.02,1224024
2023-05-07,AAPL,173.5,173.85,172.11,172.48,55962793
2023-05-08,MSFT,308.65,310.2,306.09,310.13,21318613
2023-05-08,BNTX,108.05,113.02,107.64,113.02,1224024
2023-05-08,AAPL,173.5,173.85,172.11,172.48,55962793
2023-05-08,PFE,38.67,38.73,38.35,38.53,20101723
2023-05-08,MRNA,131.75,137.13,131.2,136.24,3990660
2023-05-09,BNTX,104.68,106.18,101.98,105.92,1413428
2023-05-09,AAPL,171.77,173.54,171.6,173.05,45326874
2023-05-09,MRNA,133.77,133.88,130.91,131.48,2561351
2023-05-09,MSFT,307.0,310.04,306.31,308.0,21340829
2023-05-09,PFE,38.48,38.67,38.39,38.48,15987904
2023-05-10,BNTX,102.6,104.69,101.31,103.0,1517909
2023-05-10,AAPL,173.555,174.03,171.9,173.02,53724501
2023-05-10,MSFT,312.31,313.0,307.67,308.62,30078044
2023-05-10,PFE,38.3,38.72,38.08,38.67,15858223
2023-05-10,MRNA,130.83,135.33,130.37,134.56,2842798
2023-05-11,MRNA,128.41,131.4,126.55,130.97,2868707
2023-05-11,AAPL,173.75,174.59,172.17,173.85,49514676
2023-05-11,MSFT,310.11,311.12,306.2601,310.1,31680179
2023-05-11,BNTX,102.58,102.86,100.08,101.5,1076806
2023-05-11,PFE,37.58,37.65,37.205,37.6,28566365
2023-05-12,BNTX,105.24,106.04,102.6,102.99,801742
2023-05-12,PFE,37.35,37.72,37.23,37.61,16541294
2023-05-12,MRNA,129.3,131.06,128.05,128.5,1895267
2023-05-12,AAPL,172.57,174.06,171.0,173.62,45533138
2023-05-12,MSFT,308.97,310.65,306.6,310.55,19774696
2023-05-13,MSFT,309.46,309.905,307.59,309.095,16336547
2023-05-13,PFE,37.16,37.36,37.005,37.3,16650412
2023-05-13,AAPL,172.07,173.21,171.47,173.16,37266659
2023-05-13,BNTX,107.9,108.266,104.01,104.65,728871
2023-05-13,MRNA,130.26,130.75,126.4975,128.7,2279325
2023-05-14,MSFT,309.46,309.905,307.59,309.095,16336547
2023-05-14,MRNA,130.26,130.75,126.4975,128.7,2279325
2023-05-14,BNTX,107.9,108.266,104.01,104.65,728871
2023-05-14,AAPL,172.07,173.21,171.47,173.16,37266659
2023-05-14,PFE,37.16,37.36,37.005,37.3,16650412
2023-05-15,PFE,37.16,37.36,37.005,37.3,16650412
2023-05-15,MRNA,130.26,130.75,126.4975,128.7,2279325
2023-05-15,BNTX,107.9,108.266,104.01,104.65,728871
2023-05-15,MSFT,309.46,309.905,307.59,309.095,16336547
2023-05-15,AAPL,172.07,173.21,171.47,173.16,37266659
2023-05-16,AAPL,172.07,173.1383,171.7991,171.99,42110293
2023-05-16,MSFT,311.74,313.71,309.83,309.83,26730347
2023-05-16,PFE,37.01,37.24,36.83,37.02,25451711
2023-05-16,MRNA,125.11,129.5,124.25,129.37,3687930
2023-05-16,BNTX,105.6,107.3203,105.08,106.77,487777
2023-05-17,BNTX,105.15,108.42,105.15,108.04,943478
2023-05-17,AAPL,172.69,172.925,170.4201,171.71,57951604
2023-05-17,MSFT,314.0,314.43,310.74,312.29,24315012
2023-05-17,MRNA,125.57,126.99,122.56,124.25,2574443
2023-05-17,PFE,36.75,37.05,36.51,36.98,23206392
2023-05-18,MSFT,318.52,319.04,313.72,314.53,27275991
2023-05-18,AAPL,175.05,175.24,172.58,173.0,65496657
2023-05-18,BNTX,104.95,105.6,103.95,105.25,604651
2023-05-18,MRNA,125.33,126.01,122.99,125.92,3008885
2023-05-18,PFE,36.48,36.78,36.17,36.71,27772415
2023-05-19,BNTX,106.49,107.3999,104.92,105.34,481049
2023-05-19,AAPL,175.16,176.39,174.94,176.39,55809475
2023-05-19,MSFT,318.34,318.75,316.37,316.74,27546701
2023-05-19,MRNA,126.24,126.88,124.58,126.18,2603649
2023-05-19,PFE,36.77,37.654,36.52,36.65,33068322
2023-05-20,MRNA,126.74,127.83,125.69,126.25,1682913
2023-05-20,MSFT,321.18,322.59,318.01,318.6,24115664
2023-05-20,BNTX,107.5,108.88,106.1,106.49,574700
2023-05-20,AAPL,174.2,174.71,173.45,173.98,43570932
2023-05-20,PFE,38.75,38.865,36.75,36.86,85718553
2023-05-21,PFE,38.75,38.865,36.75,36.86,85718553
2023-05-21,BNTX,107.5,108.88,106.1,106.49,574700
2023-05-21,MRNA,126.74,127.83,125.69,126.25,1682913
2023-05-21,AAPL,174.2,174.71,173.45,173.98,43570932
2023-05-21,MSFT,321.18,322.59,318.01,318.6,24115664
2023-05-22,BNTX,107.5,108.88,106.1,106.49,574700
2023-05-22,MSFT,321.18,322.59,318.01,318.6,24115664
2023-05-22,MRNA,126.74,127.83,125.69,126.25,1682913
2023-05-22,PFE,38.75,38.865,36.75,36.86,85718553
2023-05-22,AAPL,174.2,174.71,173.45,173.98,43570932
2023-05-23,AAPL,171.56,173.3794,171.275,173.13,50747263
2023-05-23,MRNA,137.75,139.91,125.6,126.49,7730537
2023-05-23,PFE,39.64,40.14,38.0,38.55,75379535
2023-05-23,MSFT,315.26,322.72,315.25,320.03,30797173
2023-05-23,BNTX,116.3,119.005,107.28,107.53,2473058
2023-05-24,PFE,38.63,40.14,38.6,40.1,39326373
2023-05-24,BNTX,111.09,117.18,110.31,117.0,1149287
2023-05-24,AAPL,171.84,172.4183,170.52,171.09,45143488
2023-05-24,MSFT,313.85,316.5,312.61,314.73,23384887
2023-05-24,MRNA,131.59,142.79,130.34,141.19,5320938
2023-05-25,AAPL,172.99,173.895,171.69,172.41,56058258
2023-05-25,BNTX,108.73,112.14,108.21,112.07,571400
2023-05-25,MSFT,325.92,326.9,320.0,323.24,43301743
2023-05-25,MRNA,126.47,130.16,125.8,130.0,4234907
2023-05-25,PFE,37.83,38.51,37.65,38.51,30266597
2023-05-26,MRNA,126.24,128.49,124.2501,128.49,3644408
2023-05-26,MSFT,332.89,333.4,323.88,324.02,36630633
2023-05-26,AAPL,175.43,175.77,173.11,173.32,54834975
2023-05-26,PFE,37.6,38.44,37.5635,38.04,20234632
2023-05-26,BNTX,105.27,109.38,104.59,109.01,897509
2023-05-27,PFE,37.01,37.36,36.92,37.36,24371098
2023-05-27,BNTX,104.35,105.42,103.05,105.35,610723
2023-05-27,MSFT,331.21,335.74,330.52,335.23,29503070
2023-05-27,AAPL,177.3,178.99,176.57,176.96,55964401
2023-05-27,MRNA,128.89,129.24,124.23,126.47,2618541
2023-05-28,MRNA,128.89,129.24,124.23,126.47,2618541
2023-05-28,MSFT,331.21,335.74,330.52,335.23,29503070
2023-05-28,BNTX,104.35,105.42,103.05,105.35,610723
2023-05-28,PFE,37.01,37.36,36.92,37.36,24371098
2023-05-28,AAPL,177.3,178.99,176.57,176.96,55964401
2023-05-29,MRNA,128.89,129.24,124.23,126.47,2618541
2023-05-29,PFE,37.01,37.36,36.92,37.36,24371098
2023-05-29,AAPL,177.3,178.99,176.57,176.96,55964401
2023-05-29,MSFT,331.21,335.74,330.52,335.23,29503070
2023-05-29,BNTX,104.35,105.42,103.05,105.35,610723
2023-05-30,AAPL,177.3,178.99,176.57,176.96,55964401
2023-05-30,MSFT,331.21,335.74,330.52,335.23,29503070
2023-05-30,PFE,37.01,37.36,36.92,37.36,24371098
2023-05-30,BNTX,104.35,105.42,103.05,105.35,610723
2023-05-30,MRNA,128.89,129.24,124.23,126.47,2618541
2023-05-31,MSFT,328.39,335.94,327.33,332.29,45950553
2023-05-31,BNTX,105.08,106.1,103.84,104.59,393486
2023-05-31,MRNA,127.71,130.45,125.16,128.88,3929465
2023-05-31,AAPL,177.25,179.35,176.76,177.325,99625288
2023-05-31,PFE,38.02,38.22,36.87,37.1,46166333
2023-06-01,BNTX,104.12,105.05,103.26,104.22,388222
2023-06-01,PFE,38.02,38.21,37.7,38.12,20256137
2023-06-01,AAPL,180.09,180.12,176.9306,177.7,68901809
2023-06-01,MSFT,332.58,333.53,324.72,325.93,26773851
2023-06-01,MRNA,128.52,129.09,125.5,128.44,1942173
2023-06-02,AAPL,180.95,181.78,179.26,181.03,61996913
2023-06-02,PFE,38.36,38.66,38.16,38.25,22736353
2023-06-02,BNTX,108.13,109.61,106.53,107.46,941733
2023-06-02,MRNA,130.51,131.65,128.82,129.75,2357539
2023-06-02,MSFT,335.4,337.5,332.55,334.247,25873769
2023-06-03,PFE,38.65,39.015,38.4701,38.48,18392226
2023-06-03,MSFT,335.94,338.5599,334.6601,335.22,21307053
2023-06-03,MRNA,128.9,134.585,128.84,131.0,3206071
2023-06-03,BNTX,108.73,108.93,107.21,107.3,445413
2023-06-03,AAPL,179.58,184.951,178.035,182.63,121946497
2023-06-04,AAPL,179.58,184.951,178.035,182.63,121946497
2023-06-04,MSFT,335.94,338.5599,334.6601,335.22,21307053
2023-06-04,PFE,38.65,39.015,38.4701,38.48,18392226
2023-06-04,BNTX,108.73,108.93,107.21,107.3,445413
2023-06-04,MRNA,128.9,134.585,128.84,131.0,3206071
2023-06-05,AAPL,179.58,184.951,178.035,182.63,121946497
2023-06-05,BNTX,108.73,108.93,107.21,107.3,445413
2023-06-05,MRNA,128.9,134.585,128.84,131.0,3206071
2023-06-05,MSFT,335.94,338.5599,334.6601,335.22,21307053
2023-06-05,PFE,38.65,39.015,38.4701,38.48,18392226
2023-06-06,PFE,38.37,38.86,38.2932,38.81,19508225
2023-06-06,MSFT,333.68,335.37,332.17,335.33,20396223
2023-06-06,BNTX,109.85,110.47,107.25,108.69,503529
2023-06-06,AAPL,179.21,180.12,177.43,179.965,64848374
2023-06-06,MRNA,126.9,129.15,124.75,129.0,2491424
2023-06-07,MSFT,323.38,334.49,322.5,331.65,40717129
2023-06-07,BNTX,109.41,110.7499,109.4,110.0,410050
2023-06-07,AAPL,177.82,181.21,177.32,178.44,61944615
2023-06-07,MRNA,125.61,127.09,125.3,126.59,3161355
2023-06-07,PFE,38.89,39.06,38.13,38.35,25295133
2023-06-08,AAPL,180.57,180.84,177.46,177.895,50214881
2023-06-08,BNTX,108.97,110.0,108.46,109.84,642723
2023-06-08,PFE,39.09,39.19,38.73,39.04,17353721
2023-06-08,MRNA,124.94,125.41,122.28,125.41,2498508
2023-06-08,MSFT,325.26,326.64,323.35,323.935,23277708
2023-06-09,AAPL,180.96,182.23,180.63,181.5,48899973
2023-06-09,PFE,38.97,39.59,38.8727,39.28,19777462
2023-06-09,MRNA,123.26,125.626,122.8,124.7,2203665
2023-06-09,MSFT,326.79,329.99,324.41,324.99,22528950
2023-06-09,BNTX,109.25,110.76,108.605,109.45,507281
2023-06-10,MRNA,123.52,123.88,121.5529,123.36,2987129
2023-06-10,PFE,39.9,40.065,38.99,39.01,28340776
2023-06-10,BNTX,109.79,110.65,108.51,108.51,480982
2023-06-10,MSFT,331.85,332.0999,325.16,328.58,24306753
2023-06-10,AAPL,183.79,183.89,180.97,181.27,54754995
2023-06-11,BNTX,109.79,110.65,108.51,108.51,480982
2023-06-11,MSFT,331.85,332.0999,325.16,328.58,24306753
2023-06-11,AAPL,183.79,183.89,180.97,181.27,54754995
2023-06-11,PFE,39.9,40.065,38.99,39.01,28340776
2023-06-11,MRNA,123.52,123.88,121.5529,123.36,2987129
2023-06-12,MRNA,123.52,123.88,121.5529,123.36,2987129
2023-06-12,MSFT,331.85,332.0999,325.16,328.58,24306753
2023-06-12,BNTX,109.79,110.65,108.51,108.51,480982
2023-06-12,PFE,39.9,40.065,38.99,39.01,28340776
2023-06-12,AAPL,183.79,183.89,180.97,181.27,54754995
2023-06-13,PFE,40.28,40.365,39.45,39.67,26533763
2023-06-13,BNTX,115.6,116.3646,109.75,109.99,1091754
2023-06-13,AAPL,183.31,184.15,182.44,182.8,54929129
2023-06-13,MRNA,127.98,128.84,122.9,123.25,3328079
2023-06-13,MSFT,334.29,336.98,330.39,334.465,22951279
2023-06-14,PFE,39.36,40.34,39.315,40.32,22056424
2023-06-14,AAPL,183.95,184.39,182.02,183.37,57462882
2023-06-14,MRNA,126.05,128.62,124.61,128.08,2980223
2023-06-14,BNTX,110.95,115.67,110.91,115.67,767219
2023-06-14,MSFT,337.34,339.04,332.81,334.34,26003791
2023-06-15,MSFT,348.1,349.84,337.2,337.48,38899075
2023-06-15,PFE,39.75,39.83,39.28,39.41,19905906
2023-06-15,MRNA,129.98,130.19,125.08,126.0,3027829
2023-06-15,BNTX,113.0,113.75,110.51,111.06,901073
2023-06-15,AAPL,186.01,186.52,183.78,183.96,65433166
2023-06-16,BNTX,112.55,116.24,112.4,113.93,664507
2023-06-16,MSFT,342.33,351.47,341.95,351.32,46551985
2023-06-16,AAPL,184.92,186.99,184.27,186.73,101256225
2023-06-16,MRNA,128.73,133.165,126.98,130.95,5499635
2023-06-16,PFE,40.06,40.36,39.845,39.86,60338565
2023-06-17,AAPL,185.01,186.1,184.41,184.41,49799092
2023-06-17,PFE,39.34,39.87,39.33,39.71,26881166
2023-06-17,MSFT,338.05,342.08,335.86,339.31,26375407
2023-06-17,BNTX,109.94,112.2,109.48,111.84,639453
2023-06-17,MRNA,124.23,128.2,124.06,127.8,2993558
2023-06-18,PFE,39.34,39.87,39.33,39.71,26881166
2023-06-18,MSFT,338.05,342.08,335.86,339.31,26375407
2023-06-18,BNTX,109.94,112.2,109.48,111.84,639453
2023-06-18,MRNA,124.23,128.2,124.06,127.8,2993558
2023-06-18,AAPL,185.01,186.1,184.41,184.41,49799092
2023-06-19,MRNA,124.23,128.2,124.06,127.8,2993558
2023-06-19,MSFT,338.05,342.08,335.86,339.31,26375407
2023-06-19,PFE,39.34,39.87,39.33,39.71,26881166
2023-06-19,BNTX,109.94,112.2,109.48,111.84,639453
2023-06-19,AAPL,185.01,186.1,184.41,184.41,49799092
2023-06-20,AAPL,185.01,186.1,184.41,184.41,49799092
2023-06-20,PFE,39.34,39.87,39.33,39.71,26881166
2023-06-20,MSFT,338.05,342.08,335.86,339.31,26375407
2023-06-20,BNTX,109.94,112.2,109.48,111.84,639453
2023-06-20,MRNA,124.23,128.2,124.06,127.8,2993558
2023-06-21,PFE,38.9,39.24,38.76,39.2,17982944
2023-06-21,MSFT,333.56,337.73,332.07,336.37,25117799
2023-06-21,BNTX,107.46,109.11,107.42,108.77,737862
2023-06-21,AAPL,183.96,185.41,182.5901,184.9,49515697
2023-06-21,MRNA,121.07,124.16,121.0,123.5,2908131
2023-06-22,MSFT,339.71,340.12,333.34,334.12,23556764
2023-06-22,BNTX,107.31,108.21,106.87,107.48,398140
2023-06-22,MRNA,120.48,121.3199,118.44,121.0,3267315
2023-06-22,AAPL,187.0,187.045,183.67,183.74,51245327
2023-06-22,PFE,38.73,38.986,38.41,38.94,18047000
2023-06-23,PFE,38.3,38.87,38.28,38.71,23492234
2023-06-23,BNTX,107.14,107.81,105.55,106.87,524460
2023-06-23,MRNA,118.5,120.12,117.2268,119.7,3284363
2023-06-23,MSFT,335.02,337.96,333.45,334.36,23146901
2023-06-23,AAPL,186.68,187.56,185.01,185.55,53116996
2023-06-24,MRNA,120.41,122.95,119.2084,121.9846,3466093
2023-06-24,MSFT,328.6,336.11,328.49,334.63,21520582
2023-06-24,BNTX,106.93,108.91,106.72,108.16,439730
2023-06-24,AAPL,185.27,188.05,185.23,187.3219,48088661
2023-06-24,PFE,36.89,37.05,36.16,37.015,56135475
2023-06-25,PFE,36.89,37.05,36.16,37.015,56135475
2023-06-25,BNTX,106.93,108.91,106.72,108.16,439730
2023-06-25,MSFT,328.6,336.11,328.49,334.63,21520582
2023-06-25,MRNA,120.41,122.95,119.2084,121.9846,3466093
2023-06-25,AAPL,185.27,188.05,185.23,187.3219,48088661
2023-06-26,PFE,36.89,37.05,36.16,37.015,56135475
2023-06-26,MRNA,120.41,122.95,119.2084,121.9846,3466093
2023-06-26,MSFT,328.6,336.11,328.49,334.63,21520582
2023-06-26,AAPL,185.27,188.05,185.23,187.3219,48088661
2023-06-26,BNTX,106.93,108.91,106.72,108.16,439730
2023-06-27,BNTX,105.86,106.94,105.39,106.94,410656
2023-06-27,MRNA,120.67,120.89,118.51,120.45,2375314
2023-06-27,PFE,36.42,37.0,36.28,36.96,32414946
2023-06-27,AAPL,188.06,188.39,185.67,185.89,50730846
2023-06-27,MSFT,334.57,336.15,329.3,331.86,24354110
2023-06-28,AAPL,189.25,189.9,187.6,187.93,51216801
2023-06-28,PFE,36.29,36.54,36.0334,36.5,30061996
2023-06-28,MSFT,335.85,337.98,333.81,334.66,20259523
2023-06-28,MRNA,123.0,123.225,119.16,121.19,2534279
2023-06-28,BNTX,106.9,106.93,104.72,105.79,512883
2023-06-29,AAPL,189.59,190.07,188.94,189.08,46347308
2023-06-29,PFE,36.12,36.22,35.76,35.99,26284883
2023-06-29,MSFT,335.05,336.11,332.62,334.71,16997042
2023-06-29,MRNA,122.11,122.9783,121.3,122.5,1886128
2023-06-29,BNTX,107.0,108.15,105.58,106.55,495078
2023-06-30,MRNA,121.5,123.61,121.5,123.15,2405256
2023-06-30,MSFT,340.54,342.73,337.2,337.75,26832756
2023-06-30,PFE,36.68,36.75,36.14,36.21,30867939
2023-06-30,BNTX,107.93,108.67,106.97,107.43,465355
2023-06-30,AAPL,193.97,194.48,191.26,191.63,85213216
2023-07-01,MSFT,337.99,340.9,336.571,339.19,12508692
2023-07-01,PFE,36.65,36.745,36.35,36.5,14115809
2023-07-01,MRNA,121.73,122.94,120.12,121.75,1782029
2023-07-01,BNTX,107.82,109.3,107.25,107.42,346185
2023-07-01,AAPL,192.46,193.88,191.76,193.78,31458198
2023-07-02,PFE,36.65,36.745,36.35,36.5,14115809
2023-07-02,MRNA,121.73,122.94,120.12,121.75,1782029
2023-07-02,BNTX,107.82,109.3,107.25,107.42,346185
2023-07-02,MSFT,337.99,340.9,336.571,339.19,12508692
2023-07-02,AAPL,192.46,193.88,191.76,193.78,31458198
2023-07-03,AAPL,192.46,193.88,191.76,193.78,31458198
2023-07-03,PFE,36.65,36.745,36.35,36.5,14115809
2023-07-03,MSFT,337.99,340.9,336.571,339.19,12508692
2023-07-03,BNTX,107.82,109.3,107.25,107.42,346185
2023-07-03,MRNA,121.73,122.94,120.12,121.75,1782029
2023-07-04,MSFT,338.15,341.65,334.7276,335.09,18172378
2023-07-04,MRNA,123.54,128.98,122.51,122.89,5001176
2023-07-04,PFE,36.46,37.02,36.39,36.58,26829419
2023-07-04,BNTX,109.08,112.37,107.5,107.68,816368
2023-07-04,AAPL,191.33,192.98,190.62,191.565,46920261
2023-07-05,MRNA,123.54,128.98,122.51,122.89,5001176
2023-07-05,BNTX,109.08,112.37,107.5,107.68,816368
2023-07-05,MSFT,338.15,341.65,334.7276,335.09,18172378
2023-07-05,PFE,36.46,37.02,36.39,36.58,26829419
2023-07-05,AAPL,191.33,192.98,190.62,191.565,46920261
2023-07-06,MSFT,341.27,342.99,335.5,337.3,28195534
2023-07-06,BNTX,105.76,108.255,105.0304,108.03,708789
2023-07-06,AAPL,191.81,192.02,189.2,189.84,45156009
2023-07-06,PFE,35.63,36.27,35.62,36.2,30214368
2023-07-06,MRNA,118.29,123.27,117.11,122.51,4857064
2023-07-07,AAPL,190.68,192.67,190.24,191.41,46814998
2023-07-07,BNTX,106.86,107.64,105.51,105.66,327563
2023-07-07,MRNA,118.87,120.14,117.815,118.01,2436934
2023-07-07,PFE,35.53,35.77,35.35,35.52,22903336
2023-07-07,MSFT,337.22,341.79,337.0,339.32,21214824
2023-07-08,BNTX,107.43,108.92,107.14,107.62,481311
2023-07-08,MRNA,123.09,123.6,118.64,118.87,3401848
2023-07-08,MSFT,331.83,335.23,327.59,334.6,32791449
2023-07-08,AAPL,188.61,189.99,187.035,189.26,59922163
2023-07-08,PFE,35.68,36.01,35.5401,35.57,17777495
2023-07-09,MRNA,123.09,123.6,118.64,118.87,3401848
2023-07-09,PFE,35.68,36.01,35.5401,35.57,17777495
2023-07-09,BNTX,107.43,108.92,107.14,107.62,481311
2023-07-09,AAPL,188.61,189.99,187.035,189.26,59922163
2023-07-09,MSFT,331.83,335.23,327.59,334.6,32791449
2023-07-10,AAPL,188.61,189.99,187.035,189.26,59922163
2023-07-10,BNTX,107.43,108.92,107.14,107.62,481311
2023-07-10,PFE,35.68,36.01,35.5401,35.57,17777495
2023-07-10,MRNA,123.09,123.6,118.64,118.87,3401848
2023-07-10,MSFT,331.83,335.23,327.59,334.6,32791449
2023-07-11,AAPL,188.08,189.3,186.6,189.16,46638119
2023-07-11,MSFT,332.47,332.86,327.0,331.06,26698218
2023-07-11,BNTX,107.9,108.72,106.7401,106.99,455326
2023-07-11,PFE,36.02,36.04,35.615,35.64,17731329
2023-07-11,MRNA,122.13,124.5,121.205,123.44,2127270
2023-07-12,MSFT,337.2,341.652,335.67,336.6,29995262
2023-07-12,AAPL,189.77,191.7,188.47,189.68,60750248
2023-07-12,MRNA,125.92,127.38,123.5503,124.46,2968615
2023-07-12,BNTX,109.0,110.24,108.18,109.0,557803
2023-07-12,PFE,35.99,36.25,35.92,36.2,17229687
2023-07-13,AAPL,190.54,191.19,189.78,190.5,41342338
2023-07-13,BNTX,109.51,110.305,108.96,109.89,543399
2023-07-13,MSFT,342.66,343.74,339.02,339.56,20567159
2023-07-13,MRNA,126.61,128.06,126.06,126.52,2521400
2023-07-13,PFE,36.06,36.36,35.92,36.01,16664403
2023-07-14,MSFT,345.24,351.43,344.31,347.59,28352729
2023-07-14,PFE,36.32,36.49,36.005,36.3,17915147
2023-07-14,MRNA,121.35,124.8824,120.58,124.52,4104580
2023-07-14,BNTX,108.24,110.41,108.11,110.41,530596
2023-07-14,AAPL,190.69,191.1799,189.63,190.23,41616242
2023-07-15,AAPL,193.99,194.32,191.81,191.9,50520159
2023-07-15,PFE,35.86,36.12,35.78,36.12,20557295
2023-07-15,BNTX,107.21,108.77,106.94,107.95,498034
2023-07-15,MSFT,345.73,346.99,342.2,345.678,20363927
2023-07-15,MRNA,122.6,122.84,120.07,120.6,2681823
2023-07-16,PFE,35.86,36.12,35.78,36.12,20557295
2023-07-16,MSFT,345.73,346.99,342.2,345.678,20363927
2023-07-16,AAPL,193.99,194.32,191.81,191.9,50520159
2023-07-16,MRNA,122.6,122.84,120.07,120.6,2681823
2023-07-16,BNTX,107.21,108.77,106.94,107.95,498034
2023-07-17,MSFT,345.73,346.99,342.2,345.678,20363927
2023-07-17,PFE,35.86,36.12,35.78,36.12,20557295
2023-07-17,AAPL,193.99,194.32,191.81,191.9,50520159
2023-07-17,BNTX,107.21,108.77,106.94,107.95,498034
2023-07-17,MRNA,122.6,122.84,120.07,120.6,2681823
2023-07-18,MSFT,359.49,366.78,342.17,345.83,64872705
2023-07-18,AAPL,193.73,194.33,192.415,193.35,48353774
2023-07-18,PFE,36.24,36.48,35.8792,35.92,22817333
2023-07-18,BNTX,108.15,109.16,107.48,107.5,448228
2023-07-18,MRNA,122.61,125.49,121.75,122.6,2837263
2023-07-19,MSFT,355.08,362.46,352.435,361.75,39732901
2023-07-19,MRNA,125.17,126.78,123.22,123.49,3028996
2023-07-19,AAPL,195.1,198.23,192.65,193.1,80507323
2023-07-19,BNTX,109.13,110.19,107.9,108.1,632983
2023-07-19,PFE,36.44,36.7,36.205,36.34,18589659
2023-07-20,BNTX,107.72,109.56,107.6,109.56,487248
2023-07-20,MRNA,124.77,127.48,124.58,124.58,2622428
2023-07-20,MSFT,346.87,357.97,345.37,353.57,33778395
2023-07-20,PFE,36.77,37.07,36.36,36.4,22358414
2023-07-20,AAPL,193.13,196.47,192.495,195.09,59581196
2023-07-21,MRNA,126.43,127.22,121.61,125.73,7268863
2023-07-21,BNTX,108.59,109.53,106.58,107.5,680045
2023-07-21,PFE,37.4,37.43,36.795,36.8,24149716
2023-07-21,MSFT,343.77,350.3,339.83,349.15,69405382
2023-07-21,AAPL,191.94,194.97,191.23,194.1,71951683
2023-07-22,AAPL,192.75,194.91,192.25,193.41,45505097
2023-07-22,MRNA,123.01,126.46,121.28,126.43,4152122
2023-07-22,PFE,37.51,37.8,37.37,37.41,19414708
2023-07-22,MSFT,345.11,346.92,342.31,345.85,26719207
2023-07-22,BNTX,107.03,108.7,106.12,108.61,620053
2023-07-23,MRNA,123.01,126.46,121.28,126.43,4152122
2023-07-23,AAPL,192.75,194.91,192.25,193.41,45505097
2023-07-23,PFE,37.51,37.8,37.37,37.41,19414708
2023-07-23,MSFT,345.11,346.92,342.31,345.85,26719207
2023-07-23,BNTX,107.03,108.7,106.12,108.61,620053
2023-07-24,AAPL,192.75,194.91,192.25,193.41,45505097
2023-07-24,MRNA,123.01,126.46,121.28,126.43,4152122
2023-07-24,BNTX,107.03,108.7,106.12,108.61,620053
2023-07-24,MSFT,345.11,346.92,342.31,345.85,26719207
2023-07-24,PFE,37.51,37.8,37.37,37.41,19414708
2023-07-25,MSFT,350.98,351.89,345.07,347.11,41637739
2023-07-25,MRNA,121.87,125.36,121.78,123.18,2707317
2023-07-25,PFE,37.06,37.72,37.045,37.4,21770959
2023-07-25,AAPL,193.62,194.44,192.915,193.33,37283201
2023-07-25,BNTX,106.86,109.65,106.67,106.67,627948
2023-07-26,BNTX,105.51,107.09,105.1,106.73,679686
2023-07-26,MSFT,337.77,344.67,333.11,341.44,58383702
2023-07-26,MRNA,120.65,121.95,118.9,121.87,2583614
2023-07-26,PFE,37.21,37.345,36.76,36.87,20983650
2023-07-26,AAPL,194.5,195.64,193.32,193.67,47471868
2023-07-27,PFE,36.2,37.01,36.18,36.85,25346304
2023-07-27,MSFT,330.72,341.33,329.05,340.48,39635262
2023-07-27,BNTX,105.0,106.67,104.76,106.48,507235
2023-07-27,MRNA,118.51,122.14,118.25,121.5,2545199
2023-07-27,AAPL,193.22,197.2,192.55,196.02,47460180
2023-07-28,MSFT,338.37,340.01,333.17,333.67,28484868
2023-07-28,AAPL,195.83,196.626,194.14,194.67,48291443
2023-07-28,BNTX,107.42,107.89,105.0,105.0,688077
2023-07-28,MRNA,118.66,120.23,118.48,119.23,2393474
2023-07-28,PFE,36.07,36.45,36.02,36.35,24054065
2023-07-29,MSFT,335.92,337.695,333.36,336.92,25446022
2023-07-29,MRNA,117.66,119.035,117.05,118.72,3168702
2023-07-29,PFE,36.06,36.19,35.92,36.18,40265244
2023-07-29,AAPL,196.45,196.49,195.26,196.06,38824113
2023-07-29,BNTX,108.87,109.975,107.08,107.6,611084
2023-07-30,MRNA,117.66,119.035,117.05,118.72,3168702
2023-07-30,BNTX,108.87,109.975,107.08,107.6,611084
2023-07-30,AAPL,196.45,196.49,195.26,196.06,38824113
2023-07-30,PFE,36.06,36.19,35.92,36.18,40265244
2023-07-30,MSFT,335.92,337.695,333.36,336.92,25446022
2023-07-31,MRNA,117.66,119.035,117.05,118.72,3168702
2023-07-31,AAPL,196.45,196.49,195.26,196.06,38824113
2023-07-31,MSFT,335.92,337.695,333.36,336.92,25446022
2023-07-31,BNTX,108.87,109.975,107.08,107.6,611084
2023-07-31,PFE,36.06,36.19,35.92,36.18,40265244
2023-08-01,MSFT,336.34,338.54,333.7,335.19,18381253
2023-08-01,AAPL,195.605,196.73,195.28,196.235,35281426
2023-08-01,PFE,35.61,36.92,35.37,35.88,40951967
2023-08-01,MRNA,113.94,117.046,113.77,117.0,4869464
2023-08-01,BNTX,107.13,108.61,106.34,108.61,595460
2023-08-02,PFE,35.35,35.885,35.275,35.63,34301638
2023-08-02,MSFT,327.5,333.63,326.3551,333.63,27761257
2023-08-02,MRNA,110.22,114.12,110.04,112.6,4548953
2023-08-02,BNTX,104.98,106.53,104.67,105.5,608044
2023-08-02,AAPL,192.58,195.18,191.8507,195.04,50389327
2023-08-03,MSFT,326.66,329.88,325.95,326.0,18360352
2023-08-03,PFE,35.0,35.28,34.92,35.18,25687701
2023-08-03,MRNA,109.95,114.77,108.26,108.63,6044290
2023-08-03,BNTX,106.65,108.0,104.5,104.72,712848
2023-08-03,AAPL,191.17,192.37,190.69,191.57,62243282
2023-08-04,AAPL,181.99,187.38,181.92,185.52,115956841
2023-08-04,BNTX,106.48,107.95,105.88,106.64,655616
2023-08-04,MSFT,327.78,335.14,327.24,331.88,23741484
2023-08-04,MRNA,108.19,111.68,107.6,108.89,4035010
2023-08-04,PFE,35.02,35.34,34.655,34.95,25746459
2023-08-05,AAPL,178.85,183.13,177.35,182.13,97576069
2023-08-05,BNTX,98.5,101.36,95.5,101.01,3212679
2023-08-05,MRNA,101.2,106.53,98.43,106.53,10238883
2023-08-05,PFE,35.68,35.855,34.9,35.01,31069113
2023-08-05,MSFT,330.11,331.11,327.52,328.37,17741526
2023-08-06,AAPL,178.85,183.13,177.35,182.13,97576069
2023-08-06,BNTX,98.5,101.36,95.5,101.01,3212679
2023-08-06,MRNA,101.2,106.53,98.43,106.53,10238883
2023-08-06,PFE,35.68,35.855,34.9,35.01,31069113
2023-08-06,MSFT,330.11,331.11,327.52,328.37,17741526
2023-08-07,BNTX,98.5,101.36,95.5,101.01,3212679
2023-08-07,MRNA,101.2,106.53,98.43,106.53,10238883
2023-08-07,PFE,35.68,35.855,34.9,35.01,31069113
2023-08-07,AAPL,178.85,183.13,177.35,182.13,97576069
2023-08-07,MSFT,330.11,331.11,327.52,328.37,17741526
2023-08-08,BNTX,101.77,102.4899,97.45,97.99,1131213
2023-08-08,AAPL,179.8,180.27,177.58,179.69,67823003
2023-08-08,MRNA,99.74,101.825,98.86,101.36,4704091
2023-08-08,MSFT,326.05,328.75,323.0,326.96,22327574
2023-08-08,PFE,35.64,36.37,35.39,36.37,25225525
2023-08-09,PFE,35.84,36.06,35.51,35.6,17210484
2023-08-09,MSFT,322.23,327.11,321.0499,326.47,22373268
2023-08-09,BNTX,106.49,107.64,101.94,102.0,1196225
2023-08-09,AAPL,178.19,180.93,177.01,180.87,60378492
2023-08-09,MRNA,101.82,102.85,98.6384,99.57,3758527
2023-08-10,MSFT,322.93,328.26,321.18,326.015,20113725
2023-08-10,BNTX,105.46,109.83,105.39,106.48,1059978
2023-08-10,MRNA,100.28,104.17,99.69,102.88,3109635
2023-08-10,AAPL,177.97,180.75,177.6,179.48,54686851
2023-08-10,PFE,35.72,36.09,35.595,35.82,18955150
2023-08-11,BNTX,106.92,107.61,104.5597,104.7,427011
2023-08-11,PFE,36.04,36.28,35.59,35.62,16609378
2023-08-11,AAPL,177.79,178.62,176.55,177.32,52036672
2023-08-11,MSFT,321.01,322.41,319.21,320.26,24355491
2023-08-11,MRNA,101.49,102.02,98.95,99.08,2857252
2023-08-12,BNTX,107.44,107.79,105.05,106.81,417130
2023-08-12,MSFT,324.04,324.06,320.08,321.39,18836139
2023-08-12,AAPL,179.46,179.69,177.305,177.97,43675627
2023-08-12,MRNA,100.0,100.87,97.8,100.87,3037879
2023-08-12,PFE,36.07,36.51,35.82,35.82,20295465
2023-08-13,MRNA,100.0,100.87,97.8,100.87,3037879
2023-08-13,PFE,36.07,36.51,35.82,35.82,20295465
2023-08-13,BNTX,107.44,107.79,105.05,106.81,417130
2023-08-13,MSFT,324.04,324.06,320.08,321.39,18836139
2023-08-13,AAPL,179.46,179.69,177.305,177.97,43675627
2023-08-14,BNTX,107.44,107.79,105.05,106.81,417130
2023-08-14,MSFT,324.04,324.06,320.08,321.39,18836139
2023-08-14,PFE,36.07,36.51,35.82,35.82,20295465
2023-08-14,MRNA,100.0,100.87,97.8,100.87,3037879
2023-08-14,AAPL,179.46,179.69,177.305,177.97,43675627
2023-08-15,MSFT,321.86,325.09,320.9034,323.0,16966285
2023-08-15,BNTX,105.7,106.74,104.6,106.74,602719
2023-08-15,PFE,35.39,35.91,35.36,35.88,20484289
2023-08-15,MRNA,96.41,98.93,96.1038,98.73,3226520
2023-08-15,AAPL,177.45,179.48,177.05,178.88,43622593
2023-08-16,MSFT,320.4,324.42,319.8035,320.8,20698864
2023-08-16,AAPL,176.57,178.54,176.5,177.13,46964857
2023-08-16,BNTX,107.96,109.0,104.51,104.91,648886
2023-08-16,PFE,35.48,35.65,34.995,35.14,22215607
2023-08-16,MRNA,98.92,99.74,95.02,95.46,5198558
2023-08-17,MSFT,316.88,321.87,316.21,320.54,21257161
2023-08-17,MRNA,106.24,106.58,98.92,98.99,7535409
2023-08-17,AAPL,174.0,177.5054,173.48,177.14,66062882
2023-08-17,PFE,36.51,36.72,35.59,35.6,31113553
2023-08-17,BNTX,113.22,113.435,107.82,107.82,939414
2023-08-18,MRNA,101.62,107.26,101.4,105.9,4137407
2023-08-18,AAPL,174.49,175.1,171.96,172.3,61172150
2023-08-18,MSFT,316.48,318.38,311.5508,314.49,24755012
2023-08-18,BNTX,110.36,112.13,109.9,111.05,680710
2023-08-18,PFE,36.66,36.85,36.32,36.45,24145117
2023-08-19,BNTX,117.53,119.56,111.25,111.36,1727073
2023-08-19,MSFT,321.88,322.77,317.04,317.93,24039956
2023-08-19,MRNA,111.08,112.32,101.82,101.99,7747347
2023-08-19,PFE,37.01,37.186,36.64,36.71,28496536
2023-08-19,AAPL,175.84,176.13,173.735,175.07,46311879
2023-08-20,PFE,37.01,37.186,36.64,36.71,28496536
2023-08-20,AAPL,175.84,176.13,173.735,175.07,46311879
2023-08-20,MSFT,321.88,322.77,317.04,317.93,24039956
2023-08-20,MRNA,111.08,112.32,101.82,101.99,7747347
2023-08-20,BNTX,117.53,119.56,111.25,111.36,1727073
2023-08-21,BNTX,117.53,119.56,111.25,111.36,1727073
2023-08-21,MSFT,321.88,322.77,317.04,317.93,24039956
2023-08-21,MRNA,111.08,112.32,101.82,101.99,7747347
2023-08-21,AAPL,175.84,176.13,173.735,175.07,46311879
2023-08-21,PFE,37.01,37.186,36.64,36.71,28496536
2023-08-22,MSFT,322.46,326.075,321.46,325.5,16102024
2023-08-22,BNTX,123.82,124.02,117.85,118.0,1588873
2023-08-22,PFE,36.84,37.15,35.7235,37.01,18536903
2023-08-22,MRNA,116.24,116.88,112.46,112.5,7101638
2023-08-22,AAPL,177.23,177.68,176.25,177.06,42084245
2023-08-23,MRNA,115.46,117.68,111.85,117.34,3767962
2023-08-23,PFE,36.66,37.13,36.56,37.09,19370897
2023-08-23,BNTX,123.0,124.0,121.22,123.06,1000355
2023-08-23,MSFT,327.0,329.2,323.46,323.82,21166382
2023-08-23,AAPL,181.12,181.55,178.325,178.52,52722752
2023-08-24,BNTX,119.05,123.4,118.93,123.4,665820
2023-08-24,MRNA,112.65,115.37,112.58,114.93,2719166
2023-08-24,MSFT,319.97,332.98,319.96,332.85,23281434
2023-08-24,AAPL,176.38,181.104,176.01,180.674,54945798
2023-08-24,PFE,36.16,36.64,36.06,36.475,19380831
2023-08-25,MSFT,322.98,325.36,318.8001,321.47,21684104
2023-08-25,AAPL,178.61,179.15,175.82,177.38,51449594
2023-08-25,MRNA,111.93,114.7,109.81,113.65,2707984
2023-08-25,BNTX,117.61,119.4,115.04,119.05,774983
2023-08-25,PFE,36.38,36.69,35.96,36.14,16421292
2023-08-26,PFE,36.21,36.52,36.03,36.44,15101949
2023-08-26,AAPL,180.19,180.59,178.545,180.09,43820697
2023-08-26,MSFT,323.7,326.15,321.722,325.66,14808482
2023-08-26,BNTX,120.68,122.2699,119.44,119.76,693627
2023-08-26,MRNA,113.83,116.95,113.0,114.73,2698814
2023-08-27,PFE,36.21,36.52,36.03,36.44,15101949
2023-08-27,AAPL,180.19,180.59,178.545,180.09,43820697
2023-08-27,MRNA,113.83,116.95,113.0,114.73,2698814
2023-08-27,MSFT,323.7,326.15,321.722,325.66,14808482
2023-08-27,BNTX,120.68,122.2699,119.44,119.76,693627
2023-08-28,PFE,36.21,36.52,36.03,36.44,15101949
2023-08-28,AAPL,180.19,180.59,178.545,180.09,43820697
2023-08-28,MRNA,113.83,116.95,113.0,114.73,2698814
2023-08-28,MSFT,323.7,326.15,321.722,325.66,14808482
2023-08-28,BNTX,120.68,122.2699,119.44,119.76,693627
2023-08-29,MRNA,115.99,116.44,113.72,113.75,2851365
2023-08-29,AAPL,184.12,184.9,179.5,179.695,53003948
2023-08-29,MSFT,328.41,328.9835,321.88,321.88,19284590
2023-08-29,PFE,36.15,36.94,36.0,36.26,21076488
2023-08-29,BNTX,122.56,122.62,119.94,120.08,502518
2023-08-30,MRNA,116.62,118.07,114.0,116.19,3328519
2023-08-30,AAPL,187.65,187.85,184.74,184.94,60813888
2023-08-30,MSFT,328.79,329.81,326.445,328.67,15222110
2023-08-30,PFE,35.9,36.25,35.82,36.18,16833018
2023-08-30,BNTX,125.08,125.7,122.2,122.5,685612
2023-08-31,AAPL,187.87,189.12,187.48,187.84,60794467
2023-08-31,MSFT,327.76,330.9099,326.78,329.2,26410954
2023-08-31,BNTX,120.93,125.83,120.49,125.74,603651
2023-08-31,PFE,35.38,35.99,35.38,35.94,27919464
2023-08-31,MRNA,113.07,116.6,112.86,116.44,3305414
2023-09-01,AAPL,189.46,189.92,188.28,189.485,45766503
2023-09-01,MRNA,112.56,114.72,111.575,114.21,2236801
2023-09-01,PFE,35.78,36.06,35.6,35.64,17522542
2023-09-01,MSFT,328.66,331.99,326.78,331.31,14942024
2023-09-01,BNTX,121.75,123.49,121.56,122.82,426894
2023-09-02,BNTX,122.0,122.95,121.01,121.87,517871
2023-09-02,MRNA,109.36,112.779,108.985,112.72,2866702
2023-09-02,AAPL,189.7,189.98,187.61,188.28,45280027
2023-09-02,PFE,35.38,36.29,35.35,35.96,25856123
2023-09-02,MSFT,333.55,334.85,328.66,329.0,18553859
2023-09-03,MRNA,109.36,112.779,108.985,112.72,2866702
2023-09-03,MSFT,333.55,334.85,328.66,329.0,18553859
2023-09-03,AAPL,189.7,189.98,187.61,188.28,45280027
2023-09-03,PFE,35.38,36.29,35.35,35.96,25856123
2023-09-03,BNTX,122.0,122.95,121.01,121.87,517871
2023-09-04,MSFT,333.55,334.85,328.66,329.0,18553859
2023-09-04,PFE,35.38,36.29,35.35,35.96,25856123
2023-09-04,MRNA,109.36,112.779,108.985,112.72,2866702
2023-09-04,BNTX,122.0,122.95,121.01,121.87,517871
2023-09-04,AAPL,189.7,189.98,187.61,188.28,45280027
2023-09-05,MSFT,333.55,334.85,328.66,329.0,18553859
2023-09-05,PFE,35.38,36.29,35.35,35.96,25856123
2023-09-05,MRNA,109.36,112.779,108.985,112.72,2866702
2023-09-05,BNTX,122.0,122.95,121.01,121.87,517871
2023-09-05,AAPL,189.7,189.98,187.61,188.28,45280027
2023-09-06,PFE,34.37,35.28,34.26,35.26,35370154
2023-09-06,BNTX,120.06,122.08,118.94,122.03,474145
2023-09-06,AAPL,182.91,188.85,181.47,188.4,81755816
2023-09-06,MRNA,108.24,109.75,106.6,109.75,2924788
2023-09-06,MSFT,332.88,334.46,330.18,333.38,17535773
2023-09-07,MSFT,329.91,333.08,329.03,331.29,18380995
2023-09-07,AAPL,177.56,178.21,173.54,175.18,112488803
2023-09-07,BNTX,119.73,120.025,118.38,118.67,409167
2023-09-07,MRNA,108.35,110.12,106.7,107.61,2664130
2023-09-07,PFE,34.28,34.64,34.04,34.47,26777739
2023-09-08,BNTX,120.13,121.39,119.39,120.32,371507
2023-09-08,MRNA,107.64,109.47,106.87,107.62,2161674
2023-09-08,MSFT,334.27,336.16,329.46,330.09,19548165
2023-09-08,PFE,34.25,34.39,34.05,34.23,19483285
2023-09-08,AAPL,178.18,180.239,177.79,178.35,65602066
2023-09-09,BNTX,117.95,119.78,116.55,119.54,626098
2023-09-09,AAPL,179.36,180.3,177.34,180.07,58953052
2023-09-09,MRNA,105.8,107.25,104.5001,106.8,3055384
2023-09-09,MSFT,337.94,338.42,335.43,337.24,16583324
2023-09-09,PFE,33.94,34.3,33.54,34.24,27574391
2023-09-10,BNTX,117.95,119.78,116.55,119.54,626098
2023-09-10,AAPL,179.36,180.3,177.34,180.07,58953052
2023-09-10,MRNA,105.8,107.25,104.5001,106.8,3055384
2023-09-10,MSFT,337.94,338.42,335.43,337.24,16583324
2023-09-10,PFE,33.94,34.3,33.54,34.24,27574391
2023-09-11,AAPL,179.36,180.3,177.34,180.07,58953052
2023-09-11,MRNA,105.8,107.25,104.5001,106.8,3055384
2023-09-11,MSFT,337.94,338.42,335.43,337.24,16583324
2023-09-11,PFE,33.94,34.3,33.54,34.24,27574391
2023-09-11,BNTX,117.95,119.78,116.55,119.54,626098
2023-09-12,AAPL,176.3,180.13,174.82,179.49,90370192
2023-09-12,PFE,34.15,34.21,33.75,33.97,17987155
2023-09-12,MSFT,331.77,336.79,331.48,335.815,17565482
2023-09-12,BNTX,115.63,117.47,113.22,116.26,973581
2023-09-12,MRNA,105.24,106.175,103.5325,105.37,2734324
2023-09-13,AAPL,174.21,177.3,173.98,176.51,84267928
2023-09-13,MSFT,336.06,336.85,331.17,331.31,16544412
2023-09-13,BNTX,113.25,117.98,112.42,116.57,791131
2023-09-13,PFE,34.08,34.62,34.0,34.21,23853307
2023-09-13,MRNA,108.59,114.88,107.24,113.8,9816733
2023-09-14,BNTX,113.81,115.99,112.76,113.52,732351
2023-09-14,PFE,34.15,34.38,33.98,34.24,23759867
2023-09-14,MRNA,112.81,114.33,106.39,108.59,5512627
2023-09-14,MSFT,338.7,340.86,336.57,339.148,20267048
2023-09-14,AAPL,175.74,176.1,173.58,174.0,60895757
2023-09-15,MRNA,114.59,115.25,111.9,112.99,6327782
2023-09-15,PFE,34.07,34.415,33.81,34.06,58063842
2023-09-15,MSFT,330.22,337.3975,329.65,336.92,37679792
2023-09-15,AAPL,175.01,176.495,173.82,176.48,109259461
2023-09-15,BNTX,113.06,114.55,112.87,114.0,544937
2023-09-16,MSFT,329.06,330.4,326.36,327.8,16834208
2023-09-16,AAPL,177.97,179.38,176.17,176.48,67257573
2023-09-16,BNTX,109.04,113.24,108.595,113.06,679457
2023-09-16,PFE,33.64,34.12,33.44,34.12,25421949
2023-09-16,MRNA,104.14,114.3,103.81,114.205,7528881
2023-09-17,PFE,33.64,34.12,33.44,34.12,25421949
2023-09-17,AAPL,177.97,179.38,176.17,176.48,67257573
2023-09-17,MSFT,329.06,330.4,326.36,327.8,16834208
2023-09-17,MRNA,104.14,114.3,103.81,114.205,7528881
2023-09-17,BNTX,109.04,113.24,108.595,113.06,679457
2023-09-18,BNTX,109.04,113.24,108.595,113.06,679457
2023-09-18,PFE,33.64,34.12,33.44,34.12,25421949
2023-09-18,AAPL,177.97,179.38,176.17,176.48,67257573
2023-09-18,MRNA,104.14,114.3,103.81,114.205,7528881
2023-09-18,MSFT,329.06,330.4,326.36,327.8,16834208
2023-09-19,BNTX,110.43,111.195,108.78,109.03,319504
2023-09-19,PFE,33.99,34.01,33.515,33.55,30323329
2023-09-19,AAPL,179.07,179.63,177.13,177.52,51826941
2023-09-19,MRNA,106.74,107.79,101.85,102.31,4122288
2023-09-19,MSFT,328.65,329.39,324.51,326.17,16514487
2023-09-20,AAPL,175.49,179.695,175.4,179.26,58436181
2023-09-20,PFE,33.62,34.09,33.55,34.08,24651414
2023-09-20,MSFT,320.77,329.59,320.51,329.51,21436525
2023-09-20,MRNA,103.53,106.66,103.2676,106.65,2875210
2023-09-20,BNTX,108.61,110.79,108.58,110.79,214365
2023-09-21,AAPL,173.93,176.3,173.86,174.55,63149116
2023-09-21,MRNA,100.23,103.5934,100.07,101.78,3220767
2023-09-21,PFE,32.85,33.59,32.83,33.47,26988901
2023-09-21,BNTX,106.43,108.47,106.25,107.27,314163
2023-09-21,MSFT,319.53,325.3499,315.0,319.26,35560362
2023-09-22,MSFT,317.01,321.45,316.15,321.32,21447887
2023-09-22,AAPL,174.79,177.079,174.05,174.67,56725385
2023-09-22,MRNA,99.99,100.98,98.51,100.77,2278271
2023-09-22,BNTX,104.64,106.69,104.64,106.09,470667
2023-09-22,PFE,32.69,33.09,32.5,33.08,28570752
2023-09-23,PFE,32.98,32.98,32.4101,32.69,19443664
2023-09-23,MRNA,98.17,99.8,97.11,99.52,2908970
2023-09-23,BNTX,103.12,104.07,102.48,104.0,400519
2023-09-23,MSFT,317.54,317.67,315.0,316.59,17835964
2023-09-23,AAPL,176.08,176.97,174.15,174.2,46172740
2023-09-24,BNTX,103.12,104.07,102.48,104.0,400519
2023-09-24,PFE,32.98,32.98,32.4101,32.69,19443664
2023-09-24,AAPL,176.08,176.97,174.15,174.2,46172740
2023-09-24,MRNA,98.17,99.8,97.11,99.52,2908970
2023-09-24,MSFT,317.54,317.67,315.0,316.59,17835964
2023-09-25,MRNA,98.17,99.8,97.11,99.52,2908970
2023-09-25,BNTX,103.12,104.07,102.48,104.0,400519
2023-09-25,MSFT,317.54,317.67,315.0,316.59,17835964
2023-09-25,PFE,32.98,32.98,32.4101,32.69,19443664
2023-09-25,AAPL,176.08,176.97,174.15,174.2,46172740
2023-09-26,AAPL,171.96,175.2,171.66,174.82,64588945
2023-09-26,BNTX,101.86,102.64,101.09,102.08,419165
2023-09-26,MSFT,312.14,315.88,310.02,315.13,26297573
2023-09-26,MRNA,98.12,99.621,97.89,98.57,2888397
2023-09-26,PFE,32.4,32.96,32.36,32.72,26015472
2023-09-27,MSFT,312.79,314.299,309.69,312.3,19410082
2023-09-27,MRNA,99.44,100.33,97.9001,98.76,2367422
2023-09-27,PFE,32.1,32.5,31.9,32.43,26430113
2023-09-27,BNTX,103.12,103.4485,100.9,101.49,330504
2023-09-27,AAPL,170.43,173.04,169.05,172.62,66921808
2023-09-28,MSFT,313.64,315.48,309.45,310.99,19683564
2023-09-28,BNTX,102.03,103.3821,100.83,103.34,637991
2023-09-28,MRNA,100.27,101.03,97.32,98.94,2034489
2023-09-28,AAPL,170.69,172.03,167.62,169.34,56294419
2023-09-28,PFE,32.09,32.32,31.7744,32.06,28197588
2023-09-29,PFE,33.17,33.23,32.3,32.35,42421449
2023-09-29,AAPL,171.21,173.07,170.341,172.02,51861083
2023-09-29,MRNA,103.29,104.74,100.97,100.97,4202908
2023-09-29,MSFT,315.75,319.47,314.98,317.75,24147298
2023-09-29,BNTX,108.64,110.5,102.39,102.39,1188962
2023-09-30,MRNA,103.31,104.06,101.48,103.12,2413350
2023-09-30,PFE,33.94,33.955,32.76,32.95,44620596
2023-09-30,MSFT,321.8,321.888,315.18,316.28,20570006
2023-09-30,AAPL,173.75,174.3,170.93,171.22,52164535
2023-09-30,BNTX,112.75,113.04,108.07,109.25,1118205
2023-10-01,PFE,33.94,33.955,32.76,32.95,44620596
2023-10-01,BNTX,112.75,113.04,108.07,109.25,1118205
2023-10-01,MSFT,321.8,321.888,315.18,316.28,20570006
2023-10-01,MRNA,103.31,104.06,101.48,103.12,2413350
2023-10-01,AAPL,173.75,174.3,170.93,171.22,52164535
2023-10-02,BNTX,112.75,113.04,108.07,109.25,1118205
2023-10-02,MSFT,321.8,321.888,315.18,316.28,20570006
2023-10-02,MRNA,103.31,104.06,101.48,103.12,2413350
2023-10-02,PFE,33.94,33.955,32.76,32.95,44620596
2023-10-02,AAPL,173.75,174.3,170.93,171.22,52164535
2023-10-03,MSFT,313.39,321.39,311.215,320.83,21033492
2023-10-03,PFE,33.9,34.11,33.71,33.84,31059924
2023-10-03,MRNA,103.08,103.68,100.92,101.93,2417766
2023-10-03,BNTX,109.33,112.005,107.72,111.31,692909
2023-10-03,AAPL,172.4,173.63,170.82,172.255,49594613
2023-10-04,PFE,33.31,34.0799,33.005,33.94,23722342
2023-10-04,MRNA,104.26,104.8163,99.3301,104.61,3296647
2023-10-04,MSFT,318.955,320.04,314.0,314.03,20720144
2023-10-04,AAPL,173.66,174.21,170.97,171.09,53020286
2023-10-04,BNTX,110.24,110.45,107.26,108.3,576472
2023-10-05,MSFT,319.36,319.98,314.9,319.09,16965629
2023-10-05,AAPL,174.91,175.45,172.68,173.79,48527918
2023-10-05,BNTX,109.85,111.43,107.595,109.76,498367
2023-10-05,MRNA,102.97,104.3583,99.61,103.7,2824110
2023-10-05,PFE,33.47,33.78,33.045,33.45,21279407
2023-10-06,MSFT,327.26,329.19,316.3,316.55,25673630
2023-10-06,AAPL,177.49,177.99,173.18,173.8,57266675
2023-10-06,PFE,33.13,33.56,33.0721,33.515,23760440
2023-10-06,BNTX,111.21,112.37,109.03,109.4,520241
2023-10-06,MRNA,103.88,104.97,101.11,101.63,2463001
2023-10-07,BNTX,109.31,110.405,107.5,109.57,450715
2023-10-07,PFE,33.2,33.47,32.77,33.06,17468112
2023-10-07,MSFT,329.82,330.3,323.18,324.75,19891180
2023-10-07,AAPL,178.99,179.05,175.8,176.81,42390772
2023-10-07,MRNA,101.84,102.77,98.01,102.73,3170746
2023-10-08,PFE,33.2,33.47,32.77,33.06,17468112
2023-10-08,MRNA,101.84,102.77,98.01,102.73,3170746
2023-10-08,BNTX,109.31,110.405,107.5,109.57,450715
2023-10-08,AAPL,178.99,179.05,175.8,176.81,42390772
2023-10-08,MSFT,329.82,330.3,323.18,324.75,19891180
2023-10-09,MRNA,101.84,102.77,98.01,102.73,3170746
2023-10-09,PFE,33.2,33.47,32.77,33.06,17468112
2023-10-09,MSFT,329.82,330.3,323.18,324.75,19891180
2023-10-09,AAPL,178.99,179.05,175.8,176.81,42390772
2023-10-09,BNTX,109.31,110.405,107.5,109.57,450715
2023-10-10,MRNA,104.43,104.842,101.5,101.95,2245324
2023-10-10,BNTX,111.17,112.3399,108.96,109.5,425382
2023-10-10,MSFT,328.39,331.1,327.67,330.96,20557094
2023-10-10,PFE,33.17,33.4,33.01,33.08,19212104
2023-10-10,AAPL,178.39,179.72,177.95,178.1,43698019
2023-10-11,AAPL,179.8,179.85,177.6,178.2,47551098
2023-10-11,MRNA,102.76,105.9412,102.43,104.96,2095371
2023-10-11,PFE,33.11,33.33,32.82,33.24,24221176
2023-10-11,BNTX,110.94,112.52,110.2475,111.57,281871
2023-10-11,MSFT,332.42,332.82,329.14,331.21,20063246
2023-10-12,PFE,32.92,33.22,32.77,33.11,21809858
2023-10-12,MSFT,331.16,333.6299,328.72,330.565,19313098
2023-10-12,BNTX,108.9,110.0,107.9,109.815,462194
2023-10-12,AAPL,180.71,182.34,179.04,180.07,56743119
2023-10-12,MRNA,100.78,102.81,100.31,102.0,2749167
2023-10-13,PFE,32.11,32.99,32.015,32.94,32675093
2023-10-13,BNTX,103.58,108.0,103.01,107.78,859714
2023-10-13,AAPL,178.85,181.93,178.14,181.42,51456082
2023-10-13,MSFT,327.73,333.83,326.36,332.38,21085695
2023-10-13,MRNA,98.3,100.59,97.56,100.0,3388315
2023-10-14,PFE,33.27,33.92,32.56,32.83,63317432
2023-10-14,AAPL,178.72,179.075,176.51,176.75,52516984
2023-10-14,MRNA,91.94,96.65,90.18,95.3,9062584
2023-10-14,MSFT,332.64,336.14,330.6,331.05,22158048
2023-10-14,BNTX,96.97,99.97,94.68,98.15,2557501
2023-10-15,AAPL,178.72,179.075,176.51,176.75,52516984
2023-10-15,BNTX,96.97,99.97,94.68,98.15,2557501
2023-10-15,MSFT,332.64,336.14,330.6,331.05,22158048
2023-10-15,PFE,33.27,33.92,32.56,32.83,63317432
2023-10-15,MRNA,91.94,96.65,90.18,95.3,9062584
2023-10-16,MSFT,332.64,336.14,330.6,331.05,22158048
2023-10-16,MRNA,91.94,96.65,90.18,95.3,9062584
2023-10-16,BNTX,96.97,99.97,94.68,98.15,2557501
2023-10-16,AAPL,178.72,179.075,176.51,176.75,52516984
2023-10-16,PFE,33.27,33.92,32.56,32.83,63317432
2023-10-17,PFE,32.75,33.19,32.2,33.0,40015849
2023-10-17,BNTX,96.59,97.57,95.5,96.25,817542
2023-10-17,AAPL,177.15,178.42,174.8,176.645,57549350
2023-10-17,MRNA,86.33,91.69,86.24,90.38,8604549
2023-10-17,MSFT,332.06,333.46,327.41,329.59,18338523
2023-10-18,AAPL,175.84,177.575,175.11,175.58,54764375
2023-10-18,MRNA,86.01,87.55,85.1,85.55,4690765
2023-10-18,BNTX,94.38,96.164,93.99,95.85,821152
2023-10-18,MSFT,330.11,335.59,328.3,332.49,23153602
2023-10-18,PFE,31.41,32.68,31.385,32.54,30307588
2023-10-19,BNTX,93.24,94.38,91.94,94.0,825064
2023-10-19,PFE,31.19,31.495,30.91,31.38,26880287
2023-10-19,AAPL,175.46,177.84,175.19,176.04,59302863
2023-10-19,MRNA,82.37,86.89,80.48,85.81,6495566
2023-10-19,MSFT,331.32,336.88,330.91,332.15,25052071
2023-10-20,PFE,30.65,31.11,30.475,31.06,39407902
2023-10-20,BNTX,90.91,92.32,90.15,91.88,874992
2023-10-20,MRNA,80.4,82.45,79.71,82.13,5462556
2023-10-20,MSFT,326.67,331.92,325.45,331.72,25027715
2023-10-20,AAPL,172.88,175.42,172.64,175.31,64244028
2023-10-21,PFE,30.84,31.39,30.53,30.77,29412071
2023-10-21,MSFT,329.32,332.725,324.39,325.47,24374748
2023-10-21,BNTX,92.52,95.2,88.0001,88.87,1352540
2023-10-21,AAPL,173.0,174.01,169.93,170.91,55980109
2023-10-21,MRNA,78.64,80.815,78.28,79.15,4584234
2023-10-22,MRNA,78.64,80.815,78.28,79.15,4584234
2023-10-22,PFE,30.84,31.39,30.53,30.77,29412071
2023-10-22,AAPL,173.0,174.01,169.93,170.91,55980109
2023-10-22,BNTX,92.52,95.2,88.0001,88.87,1352540
2023-10-22,MSFT,329.32,332.725,324.39,325.47,24374748
2023-10-23,BNTX,92.52,95.2,88.0001,88.87,1352540
2023-10-23,MSFT,329.32,332.725,324.39,325.47,24374748
2023-10-23,PFE,30.84,31.39,30.53,30.77,29412071
2023-10-23,MRNA,78.64,80.815,78.28,79.15,4584234
2023-10-23,AAPL,173.0,174.01,169.93,170.91,55980109
2023-10-24,BNTX,95.8,98.59,95.49,97.49,1008831
2023-10-24,MSFT,330.53,331.84,327.6,331.3,31153571
2023-10-24,PFE,30.43,31.03,30.32,30.88,26923788
2023-10-24,MRNA,79.76,81.624,78.81,78.81,3194843
2023-10-24,AAPL,173.44,173.67,171.45,173.05,43816644
2023-10-25,MSFT,340.67,346.2,337.62,345.02,55053828
2023-10-25,PFE,30.73,31.0,30.22,30.46,28857900
2023-10-25,AAPL,171.1,173.06,170.65,171.88,57156962
2023-10-25,BNTX,95.25,96.645,93.55,95.55,515046
2023-10-25,MRNA,76.76,78.82,75.89,78.55,3607808
2023-10-26,PFE,31.16,31.37,30.5,30.61,27162701
2023-10-26,MSFT,327.89,341.63,326.94,340.54,37828543
2023-10-26,AAPL,166.89,171.3775,165.67,170.37,70625258
2023-10-26,BNTX,96.64,97.93,95.73,96.19,512684
2023-10-26,MRNA,75.98,77.2199,75.44,76.73,3429810
2023-10-27,PFE,30.11,31.13,30.02,31.06,33877106
2023-10-27,BNTX,91.2,97.75,90.7,97.4,1011244
2023-10-27,MSFT,329.81,336.72,328.4007,330.425,29856522
2023-10-27,MRNA,71.91,76.5595,71.55,75.9,5440795
2023-10-27,AAPL,168.22,168.96,166.83,166.91,58499129
2023-10-28,AAPL,170.29,171.17,168.87,169.02,51130955
2023-10-28,MSFT,337.31,339.45,331.83,333.41,22828082
2023-10-28,MRNA,74.07,74.4,71.8,71.88,4228357
2023-10-28,PFE,30.55,30.68,30.11,30.24,33063533
2023-10-28,BNTX,93.25,94.01,91.47,91.47,666940
2023-10-29,BNTX,93.25,94.01,91.47,91.47,666940
2023-10-29,MRNA,74.07,74.4,71.8,71.88,4228357
2023-10-29,PFE,30.55,30.68,30.11,30.24,33063533
2023-10-29,MSFT,337.31,339.45,331.83,333.41,22828082
2023-10-29,AAPL,170.29,171.17,168.87,169.02,51130955
2023-10-30,PFE,30.55,30.68,30.11,30.24,33063533
2023-10-30,MRNA,74.07,74.4,71.8,71.88,4228357
2023-10-30,AAPL,170.29,171.17,168.87,169.02,51130955
2023-10-30,BNTX,93.25,94.01,91.47,91.47,666940
2023-10-30,MSFT,337.31,339.45,331.83,333.41,22828082
2023-10-31,MSFT,338.11,339.0,334.69,338.85,20265282
2023-10-31,MRNA,75.96,76.15,72.65,72.91,3777327
2023-10-31,AAPL,170.77,170.9,167.9,169.35,44846017
2023-10-31,PFE,30.56,30.82,29.7,30.285,42648188
2023-10-31,BNTX,93.54,94.26,91.71,91.71,554527
2023-11-01,MSFT,346.07,347.42,339.65,339.79,28158819
2023-11-01,AAPL,173.97,174.23,170.12,171.0,56934906
2023-11-01,PFE,30.51,31.075,30.47,30.56,23568309
2023-11-01,BNTX,93.45,94.865,92.3,93.0,491097
2023-11-01,MRNA,76.2,77.0,74.62,75.22,4138978
2023-11-02,MSFT,348.32,348.83,344.77,347.24,24348072
2023-11-02,PFE,30.5,30.65,30.21,30.51,29640886
2023-11-02,BNTX,92.49,92.72,88.66,90.2,984454
2023-11-02,MRNA,71.23,73.3,62.55,64.35,16648616
2023-11-02,AAPL,177.57,177.78,175.46,175.52,77334752
2023-11-03,MSFT,352.8,354.39,347.33,349.63,23637673
2023-11-03,PFE,31.26,31.39,30.835,30.9,28071015
2023-11-03,MRNA,77.53,79.25,73.0428,73.09,8881106
2023-11-03,BNTX,95.78,98.34,93.33,93.34,1099624
2023-11-03,AAPL,176.65,176.82,173.35,174.24,79829246
2023-11-04,PFE,31.18,31.41,30.955,31.32,27381163
2023-11-04,BNTX,99.71,104.5,98.72,101.28,1425940
2023-11-04,AAPL,179.23,179.43,176.21,176.38,63841310
2023-11-04,MRNA,72.07,79.0571,71.7,78.04,6002977
2023-11-04,MSFT,356.53,357.54,353.35,353.45,23828301
2023-11-05,MRNA,72.07,79.0571,71.7,78.04,6002977
2023-11-05,BNTX,99.71,104.5,98.72,101.28,1425940
2023-11-05,AAPL,179.23,179.43,176.21,176.38,63841310
2023-11-05,MSFT,356.53,357.54,353.35,353.45,23828301
2023-11-05,PFE,31.18,31.41,30.955,31.32,27381163
2023-11-06,BNTX,99.71,104.5,98.72,101.28,1425940
2023-11-06,AAPL,179.23,179.43,176.21,176.38,63841310
2023-11-06,MRNA,72.07,79.0571,71.7,78.04,6002977
2023-11-06,PFE,31.18,31.41,30.955,31.32,27381163
2023-11-06,MSFT,356.53,357.54,353.35,353.45,23828301
2023-11-07,AAPL,181.82,182.44,178.97,179.18,70529966
2023-11-07,BNTX,102.37,102.43,97.16,99.36,707369
2023-11-07,MSFT,360.53,362.46,357.63,359.4,25833931
2023-11-07,PFE,31.25,31.385,30.89,31.08,18086421
2023-11-07,MRNA,73.66,73.72,71.34,72.22,4003473
2023-11-08,PFE,30.82,31.3,30.55,30.92,29398346
2023-11-08,MRNA,71.34,73.67,70.1123,73.65,4526122
2023-11-08,AAPL,182.89,183.45,181.59,182.35,49340282
2023-11-08,BNTX,99.62,102.585,98.69,102.5,432505
2023-11-08,MSFT,363.2,363.87,360.55,361.68,26767828
2023-11-09,PFE,29.68,30.505,29.63,30.49,28737696
2023-11-09,AAPL,182.41,184.12,181.81,182.96,53763540
2023-11-09,BNTX,99.32,99.75,97.72,99.55,566363
2023-11-09,MSFT,360.69,364.79,360.362,362.3,24847331
2023-11-09,MRNA,69.51,71.8,68.95,71.74,3651298
2023-11-10,AAPL,186.4,186.565,183.53,183.97,66177922
2023-11-10,MSFT,369.67,370.1,361.07,361.49,28065164
2023-11-10,BNTX,99.56,100.58,97.77,99.3,392599
2023-11-10,PFE,29.48,29.815,29.025,29.75,33860227
2023-11-10,MRNA,70.05,70.28,67.85,69.6,3976320
2023-11-11,PFE,28.98,29.36,28.93,29.34,35519914
2023-11-11,MSFT,366.68,368.47,365.9,368.22,19986506
2023-11-11,AAPL,184.8,186.03,184.21,185.82,43627519
2023-11-11,MRNA,70.21,70.26,67.62,69.59,3170149
2023-11-11,BNTX,97.93,98.76,96.24,98.28,354939
2023-11-12,MRNA,70.21,70.26,67.62,69.59,3170149
2023-11-12,PFE,28.98,29.36,28.93,29.34,35519914
2023-11-12,BNTX,97.93,98.76,96.24,98.28,354939
2023-11-12,MSFT,366.68,368.47,365.9,368.22,19986506
2023-11-12,AAPL,184.8,186.03,184.21,185.82,43627519
2023-11-13,PFE,28.98,29.36,28.93,29.34,35519914
2023-11-13,MRNA,70.21,70.26,67.62,69.59,3170149
2023-11-13,BNTX,97.93,98.76,96.24,98.28,354939
2023-11-13,MSFT,366.68,368.47,365.9,368.22,19986506
2023-11-13,AAPL,184.8,186.03,184.21,185.82,43627519
2023-11-14,PFE,29.26,29.71,28.99,29.09,40084331
2023-11-14,MSFT,370.27,371.95,367.3454,371.01,27683862
2023-11-14,AAPL,187.44,188.11,186.3,187.7,60108378
2023-11-14,MRNA,74.1,74.75,72.99,73.62,4445461
2023-11-14,BNTX,100.66,101.72,98.79,99.08,363425
2023-11-15,BNTX,100.71,102.26,100.27,100.32,372745
2023-11-15,MSFT,369.67,373.13,367.11,371.28,26860095
2023-11-15,AAPL,188.01,189.5,187.78,187.845,53790499
2023-11-15,MRNA,76.35,78.3,74.21,74.46,3954850
2023-11-15,PFE,30.19,30.35,29.21,29.21,43614636
